Source URL,Target URL,Anchor Text
"https://flowerbouquet.pk/","/policies/terms-of-service","Terms &amp; Conditions"
"https://flowerbouquet.pk/","/policies/privacy-policy","Privacy Policy"
"https://flowerbouquet.pk/","/","Home"
"https://flowerbouquet.pk/","/collections/best-selling-flowers","Best Selling"
"https://flowerbouquet.pk/","/collections/anniversary-gifts-flowers","Anniversary Flowers"
"https://flowerbouquet.pk/","/collections/birthday-gifts-flowers","Birthday Flowers"
"https://flowerbouquet.pk/","/collections/valentines-day-gifts-flowers","Valentine&#39;s Flowers"
"https://flowerbouquet.pk/","/collections/christmas-gifts-flowers","Christmas Flowers"
"https://flowerbouquet.pk/","/collections/friendship-day-gifts-flowers","Friendship Flower"
"https://flowerbouquet.pk/","/collections/graduation-gifts-flowers","Graduation Flowers"
"https://flowerbouquet.pk/","/collections/new-year-gifts-flowers","New Year Bliss"
"https://flowerbouquet.pk/","/collections/congratulations-gift-flowers","Congratulatory Flowers"
"https://flowerbouquet.pk/","/collections/bridal-shower-gifts-flowers","Bridal Shower Flowers"
"https://flowerbouquet.pk/","/collections/get-well-soon-gifts-flowers","Get Well Soon Flowers"
"https://flowerbouquet.pk/","/collections/mothers-day-gifts-flowers","Mother&#39;s Day"
"https://flowerbouquet.pk/","/pages/fathers-day-gifts-and-flowers-in-lahore","Father&#39;s Day"
"https://flowerbouquet.pk/","/collections/friendship-day-gifts-flowers","Friendship Day"
"https://flowerbouquet.pk/","/collections/teachers-day-gifts-flowers","Teachers Day"
"https://flowerbouquet.pk/","/collections/womens-day-gifts-flowers","Women&#39;s Day"
"https://flowerbouquet.pk/","/collections/valentines-day-gifts-flowers","Valentine&#39;s day"
"https://flowerbouquet.pk/","/collections/get-well-soon-gifts-flowers","Get Well Soon"
"https://flowerbouquet.pk/","/collections/im-sorry-gifts-flowers","I&#39;m Sorry"
"https://flowerbouquet.pk/","/collections/sympathy-gifts-flowers","Sympathy"
"https://flowerbouquet.pk/","/collections/thank-you-gifts-flowers","Thank You"
"https://flowerbouquet.pk/","/collections/congratulations-gift-flowers","Congratulations"
"https://flowerbouquet.pk/","/collections/christmas-gifts-flowers","Christmas"
"https://flowerbouquet.pk/","/collections/eid-gifts-flowers","Ramdan &amp; Eid"
"https://flowerbouquet.pk/","/collections/rose-bouquet-pakistan","Red Roses Bouquet"
"https://flowerbouquet.pk/","/collections/black-rose-bouquets","Black Rose Bouquets"
"https://flowerbouquet.pk/","/collections/white-rose-bouquet-pakistan","White Rose Bouquet"
"https://flowerbouquet.pk/","/collections/pink-rose-bouquet-pakistan","Pink Rose Bouquet"
"https://flowerbouquet.pk/","/collections/sunflower-bouquet","Sunflower Bouquet"
"https://flowerbouquet.pk/","/collections/chrysanthemum-flowers-pakistan","Chrysanthemum Flowers"
"https://flowerbouquet.pk/","/collections/mixed-flower-bouquet-pakistan","Mixed Flower Bouquet"
"https://flowerbouquet.pk/","/collections/crochet-bouquets","Crochet Bouquets"
"https://flowerbouquet.pk/","/collections/chocolate-bouquets","Chocolate Bouquets"
"https://flowerbouquet.pk/","/collections/snacks-bouquet","Snacks Bouquets"
"https://flowerbouquet.pk/","/collections/flowers-lahore","Flowers To Lahore"
"https://flowerbouquet.pk/","/collections/flowers-islamabad","Flowers To Islamabad"
"https://flowerbouquet.pk/","/collections/flowers-karachi","Flowers To Karachi"
"https://flowerbouquet.pk/","/collections/flowers-faisalabad","Flowers To Faisalabad"
"https://flowerbouquet.pk/","/collections/bouquets-cakes","Bouquets &amp; Cakes"
"https://flowerbouquet.pk/","/collections/chocolate-bouquets","Bouquets &amp; Chocolates"
"https://flowerbouquet.pk/","/collections/flower-combos","All Bundles"
"https://flowerbouquet.pk/","/collections/bestseller-cakes","Bestseller Cakes"
"https://flowerbouquet.pk/","/collections/signature-cakes","Signature Cakes"
"https://flowerbouquet.pk/","/collections/petite-cakes","Bento Cakes"
"https://flowerbouquet.pk/","/collections/picture-print-cakes","Picture Print Cakes"
"https://flowerbouquet.pk/","/collections/heart-cakes","Heart Cakes"
"https://flowerbouquet.pk/","/collections/regular-cakes","Regular Cakes"
"https://flowerbouquet.pk/collections/flowers","/policies/terms-of-service","Terms &amp; Conditions"
"https://flowerbouquet.pk/collections/flowers","/policies/privacy-policy","Privacy Policy"
"https://flowerbouquet.pk/collections/flowers","/","Home"
"https://flowerbouquet.pk/collections/flowers","/collections/best-selling-flowers","Best Selling"
"https://flowerbouquet.pk/collections/flowers","/collections/anniversary-gifts-flowers","Anniversary Flowers"
"https://flowerbouquet.pk/collections/flowers","/collections/birthday-gifts-flowers","Birthday Flowers"
"https://flowerbouquet.pk/collections/flowers","/collections/valentines-day-gifts-flowers","Valentine&#39;s Flowers"
"https://flowerbouquet.pk/collections/flowers","/collections/christmas-gifts-flowers","Christmas Flowers"
"https://flowerbouquet.pk/collections/flowers","/collections/friendship-day-gifts-flowers","Friendship Flower"
"https://flowerbouquet.pk/collections/flowers","/collections/graduation-gifts-flowers","Graduation Flowers"
"https://flowerbouquet.pk/collections/flowers","/collections/new-year-gifts-flowers","New Year Bliss"
"https://flowerbouquet.pk/collections/flowers","/collections/congratulations-gift-flowers","Congratulatory Flowers"
"https://flowerbouquet.pk/collections/flowers","/collections/bridal-shower-gifts-flowers","Bridal Shower Flowers"
"https://flowerbouquet.pk/collections/flowers","/collections/get-well-soon-gifts-flowers","Get Well Soon Flowers"
"https://flowerbouquet.pk/collections/flowers","/collections/mothers-day-gifts-flowers","Mother&#39;s Day"
"https://flowerbouquet.pk/collections/flowers","/pages/fathers-day-gifts-and-flowers-in-lahore","Father&#39;s Day"
"https://flowerbouquet.pk/collections/flowers","/collections/friendship-day-gifts-flowers","Friendship Day"
"https://flowerbouquet.pk/collections/flowers","/collections/teachers-day-gifts-flowers","Teachers Day"
"https://flowerbouquet.pk/collections/flowers","/collections/womens-day-gifts-flowers","Women&#39;s Day"
"https://flowerbouquet.pk/collections/flowers","/collections/valentines-day-gifts-flowers","Valentine&#39;s day"
"https://flowerbouquet.pk/collections/flowers","/collections/get-well-soon-gifts-flowers","Get Well Soon"
"https://flowerbouquet.pk/collections/flowers","/collections/im-sorry-gifts-flowers","I&#39;m Sorry"
"https://flowerbouquet.pk/collections/flowers","/collections/sympathy-gifts-flowers","Sympathy"
"https://flowerbouquet.pk/collections/flowers","/collections/thank-you-gifts-flowers","Thank You"
"https://flowerbouquet.pk/collections/flowers","/collections/congratulations-gift-flowers","Congratulations"
"https://flowerbouquet.pk/collections/flowers","/collections/christmas-gifts-flowers","Christmas"
"https://flowerbouquet.pk/collections/flowers","/collections/eid-gifts-flowers","Ramdan &amp; Eid"
"https://flowerbouquet.pk/collections/flowers","/collections/rose-bouquet-pakistan","Red Roses Bouquet"
"https://flowerbouquet.pk/collections/flowers","/collections/black-rose-bouquets","Black Rose Bouquets"
"https://flowerbouquet.pk/collections/flowers","/collections/white-rose-bouquet-pakistan","White Rose Bouquet"
"https://flowerbouquet.pk/collections/flowers","/collections/pink-rose-bouquet-pakistan","Pink Rose Bouquet"
"https://flowerbouquet.pk/collections/flowers","/collections/sunflower-bouquet","Sunflower Bouquet"
"https://flowerbouquet.pk/collections/flowers","/collections/chrysanthemum-flowers-pakistan","Chrysanthemum Flowers"
"https://flowerbouquet.pk/collections/flowers","/collections/mixed-flower-bouquet-pakistan","Mixed Flower Bouquet"
"https://flowerbouquet.pk/collections/flowers","/collections/crochet-bouquets","Crochet Bouquets"
"https://flowerbouquet.pk/collections/flowers","/collections/chocolate-bouquets","Chocolate Bouquets"
"https://flowerbouquet.pk/collections/flowers","/collections/snacks-bouquet","Snacks Bouquets"
"https://flowerbouquet.pk/collections/flowers","/collections/flowers-lahore","Flowers To Lahore"
"https://flowerbouquet.pk/collections/flowers","/collections/flowers-islamabad","Flowers To Islamabad"
"https://flowerbouquet.pk/collections/flowers","/collections/flowers-karachi","Flowers To Karachi"
"https://flowerbouquet.pk/collections/flowers","/collections/flowers-faisalabad","Flowers To Faisalabad"
"https://flowerbouquet.pk/collections/flowers","/collections/bouquets-cakes","Bouquets &amp; Cakes"
"https://flowerbouquet.pk/collections/flowers","/collections/chocolate-bouquets","Bouquets &amp; Chocolates"
"https://flowerbouquet.pk/collections/flowers","/collections/flower-combos","All Bundles"
"https://flowerbouquet.pk/collections/flowers","/collections/bestseller-cakes","Bestseller Cakes"
"https://flowerbouquet.pk/collections/flowers","/collections/signature-cakes","Signature Cakes"
"https://flowerbouquet.pk/collections/flowers","/collections/petite-cakes","Bento Cakes"
"https://flowerbouquet.pk/collections/flowers","/collections/picture-print-cakes","Picture Print Cakes"
"https://flowerbouquet.pk/collections/flowers","/collections/heart-cakes","Heart Cakes"
"https://flowerbouquet.pk/collections/flowers","/collections/regular-cakes","Regular Cakes"
"https://flowerbouquet.pk/collections/best-selling-flowers","/policies/terms-of-service","Terms &amp; Conditions"
"https://flowerbouquet.pk/collections/best-selling-flowers","/policies/privacy-policy","Privacy Policy"
"https://flowerbouquet.pk/collections/best-selling-flowers","/","Home"
"https://flowerbouquet.pk/collections/best-selling-flowers","/collections/best-selling-flowers","Best Selling"
"https://flowerbouquet.pk/collections/best-selling-flowers","/collections/anniversary-gifts-flowers","Anniversary Flowers"
"https://flowerbouquet.pk/collections/best-selling-flowers","/collections/birthday-gifts-flowers","Birthday Flowers"
"https://flowerbouquet.pk/collections/best-selling-flowers","/collections/valentines-day-gifts-flowers","Valentine&#39;s Flowers"
"https://flowerbouquet.pk/collections/best-selling-flowers","/collections/christmas-gifts-flowers","Christmas Flowers"
"https://flowerbouquet.pk/collections/best-selling-flowers","/collections/friendship-day-gifts-flowers","Friendship Flower"
"https://flowerbouquet.pk/collections/best-selling-flowers","/collections/graduation-gifts-flowers","Graduation Flowers"
"https://flowerbouquet.pk/collections/best-selling-flowers","/collections/new-year-gifts-flowers","New Year Bliss"
"https://flowerbouquet.pk/collections/best-selling-flowers","/collections/congratulations-gift-flowers","Congratulatory Flowers"
"https://flowerbouquet.pk/collections/best-selling-flowers","/collections/bridal-shower-gifts-flowers","Bridal Shower Flowers"
"https://flowerbouquet.pk/collections/best-selling-flowers","/collections/get-well-soon-gifts-flowers","Get Well Soon Flowers"
"https://flowerbouquet.pk/collections/best-selling-flowers","/collections/mothers-day-gifts-flowers","Mother&#39;s Day"
"https://flowerbouquet.pk/collections/best-selling-flowers","/pages/fathers-day-gifts-and-flowers-in-lahore","Father&#39;s Day"
"https://flowerbouquet.pk/collections/best-selling-flowers","/collections/friendship-day-gifts-flowers","Friendship Day"
"https://flowerbouquet.pk/collections/best-selling-flowers","/collections/teachers-day-gifts-flowers","Teachers Day"
"https://flowerbouquet.pk/collections/best-selling-flowers","/collections/womens-day-gifts-flowers","Women&#39;s Day"
"https://flowerbouquet.pk/collections/best-selling-flowers","/collections/valentines-day-gifts-flowers","Valentine&#39;s day"
"https://flowerbouquet.pk/collections/best-selling-flowers","/collections/get-well-soon-gifts-flowers","Get Well Soon"
"https://flowerbouquet.pk/collections/best-selling-flowers","/collections/im-sorry-gifts-flowers","I&#39;m Sorry"
"https://flowerbouquet.pk/collections/best-selling-flowers","/collections/sympathy-gifts-flowers","Sympathy"
"https://flowerbouquet.pk/collections/best-selling-flowers","/collections/thank-you-gifts-flowers","Thank You"
"https://flowerbouquet.pk/collections/best-selling-flowers","/collections/congratulations-gift-flowers","Congratulations"
"https://flowerbouquet.pk/collections/best-selling-flowers","/collections/christmas-gifts-flowers","Christmas"
"https://flowerbouquet.pk/collections/best-selling-flowers","/collections/eid-gifts-flowers","Ramdan &amp; Eid"
"https://flowerbouquet.pk/collections/best-selling-flowers","/collections/rose-bouquet-pakistan","Red Roses Bouquet"
"https://flowerbouquet.pk/collections/best-selling-flowers","/collections/black-rose-bouquets","Black Rose Bouquets"
"https://flowerbouquet.pk/collections/best-selling-flowers","/collections/white-rose-bouquet-pakistan","White Rose Bouquet"
"https://flowerbouquet.pk/collections/best-selling-flowers","/collections/pink-rose-bouquet-pakistan","Pink Rose Bouquet"
"https://flowerbouquet.pk/collections/best-selling-flowers","/collections/sunflower-bouquet","Sunflower Bouquet"
"https://flowerbouquet.pk/collections/best-selling-flowers","/collections/chrysanthemum-flowers-pakistan","Chrysanthemum Flowers"
"https://flowerbouquet.pk/collections/best-selling-flowers","/collections/mixed-flower-bouquet-pakistan","Mixed Flower Bouquet"
"https://flowerbouquet.pk/collections/best-selling-flowers","/collections/crochet-bouquets","Crochet Bouquets"
"https://flowerbouquet.pk/collections/best-selling-flowers","/collections/chocolate-bouquets","Chocolate Bouquets"
"https://flowerbouquet.pk/collections/best-selling-flowers","/collections/snacks-bouquet","Snacks Bouquets"
"https://flowerbouquet.pk/collections/best-selling-flowers","/collections/flowers-lahore","Flowers To Lahore"
"https://flowerbouquet.pk/collections/best-selling-flowers","/collections/flowers-islamabad","Flowers To Islamabad"
"https://flowerbouquet.pk/collections/best-selling-flowers","/collections/flowers-karachi","Flowers To Karachi"
"https://flowerbouquet.pk/collections/best-selling-flowers","/collections/flowers-faisalabad","Flowers To Faisalabad"
"https://flowerbouquet.pk/collections/best-selling-flowers","/collections/bouquets-cakes","Bouquets &amp; Cakes"
"https://flowerbouquet.pk/collections/best-selling-flowers","/collections/chocolate-bouquets","Bouquets &amp; Chocolates"
"https://flowerbouquet.pk/collections/best-selling-flowers","/collections/flower-combos","All Bundles"
"https://flowerbouquet.pk/collections/best-selling-flowers","/collections/bestseller-cakes","Bestseller Cakes"
"https://flowerbouquet.pk/collections/best-selling-flowers","/collections/signature-cakes","Signature Cakes"
"https://flowerbouquet.pk/collections/best-selling-flowers","/collections/petite-cakes","Bento Cakes"
"https://flowerbouquet.pk/collections/best-selling-flowers","/collections/picture-print-cakes","Picture Print Cakes"
"https://flowerbouquet.pk/collections/best-selling-flowers","/collections/heart-cakes","Heart Cakes"
"https://flowerbouquet.pk/collections/best-selling-flowers","/collections/regular-cakes","Regular Cakes"
"https://flowerbouquet.pk/collections/all-products","/policies/terms-of-service","Terms &amp; Conditions"
"https://flowerbouquet.pk/collections/all-products","/policies/privacy-policy","Privacy Policy"
"https://flowerbouquet.pk/collections/all-products","/","Home"
"https://flowerbouquet.pk/collections/all-products","/collections/best-selling-flowers","Best Selling"
"https://flowerbouquet.pk/collections/all-products","/collections/anniversary-gifts-flowers","Anniversary Flowers"
"https://flowerbouquet.pk/collections/all-products","/collections/birthday-gifts-flowers","Birthday Flowers"
"https://flowerbouquet.pk/collections/all-products","/collections/valentines-day-gifts-flowers","Valentine&#39;s Flowers"
"https://flowerbouquet.pk/collections/all-products","/collections/christmas-gifts-flowers","Christmas Flowers"
"https://flowerbouquet.pk/collections/all-products","/collections/friendship-day-gifts-flowers","Friendship Flower"
"https://flowerbouquet.pk/collections/all-products","/collections/graduation-gifts-flowers","Graduation Flowers"
"https://flowerbouquet.pk/collections/all-products","/collections/new-year-gifts-flowers","New Year Bliss"
"https://flowerbouquet.pk/collections/all-products","/collections/congratulations-gift-flowers","Congratulatory Flowers"
"https://flowerbouquet.pk/collections/all-products","/collections/bridal-shower-gifts-flowers","Bridal Shower Flowers"
"https://flowerbouquet.pk/collections/all-products","/collections/get-well-soon-gifts-flowers","Get Well Soon Flowers"
"https://flowerbouquet.pk/collections/all-products","/collections/mothers-day-gifts-flowers","Mother&#39;s Day"
"https://flowerbouquet.pk/collections/all-products","/pages/fathers-day-gifts-and-flowers-in-lahore","Father&#39;s Day"
"https://flowerbouquet.pk/collections/all-products","/collections/friendship-day-gifts-flowers","Friendship Day"
"https://flowerbouquet.pk/collections/all-products","/collections/teachers-day-gifts-flowers","Teachers Day"
"https://flowerbouquet.pk/collections/all-products","/collections/womens-day-gifts-flowers","Women&#39;s Day"
"https://flowerbouquet.pk/collections/all-products","/collections/valentines-day-gifts-flowers","Valentine&#39;s day"
"https://flowerbouquet.pk/collections/all-products","/collections/get-well-soon-gifts-flowers","Get Well Soon"
"https://flowerbouquet.pk/collections/all-products","/collections/im-sorry-gifts-flowers","I&#39;m Sorry"
"https://flowerbouquet.pk/collections/all-products","/collections/sympathy-gifts-flowers","Sympathy"
"https://flowerbouquet.pk/collections/all-products","/collections/thank-you-gifts-flowers","Thank You"
"https://flowerbouquet.pk/collections/all-products","/collections/congratulations-gift-flowers","Congratulations"
"https://flowerbouquet.pk/collections/all-products","/collections/christmas-gifts-flowers","Christmas"
"https://flowerbouquet.pk/collections/all-products","/collections/eid-gifts-flowers","Ramdan &amp; Eid"
"https://flowerbouquet.pk/collections/all-products","/collections/rose-bouquet-pakistan","Red Roses Bouquet"
"https://flowerbouquet.pk/collections/all-products","/collections/black-rose-bouquets","Black Rose Bouquets"
"https://flowerbouquet.pk/collections/all-products","/collections/white-rose-bouquet-pakistan","White Rose Bouquet"
"https://flowerbouquet.pk/collections/all-products","/collections/pink-rose-bouquet-pakistan","Pink Rose Bouquet"
"https://flowerbouquet.pk/collections/all-products","/collections/sunflower-bouquet","Sunflower Bouquet"
"https://flowerbouquet.pk/collections/all-products","/collections/chrysanthemum-flowers-pakistan","Chrysanthemum Flowers"
"https://flowerbouquet.pk/collections/all-products","/collections/mixed-flower-bouquet-pakistan","Mixed Flower Bouquet"
"https://flowerbouquet.pk/collections/all-products","/collections/crochet-bouquets","Crochet Bouquets"
"https://flowerbouquet.pk/collections/all-products","/collections/chocolate-bouquets","Chocolate Bouquets"
"https://flowerbouquet.pk/collections/all-products","/collections/snacks-bouquet","Snacks Bouquets"
"https://flowerbouquet.pk/collections/all-products","/collections/flowers-lahore","Flowers To Lahore"
"https://flowerbouquet.pk/collections/all-products","/collections/flowers-islamabad","Flowers To Islamabad"
"https://flowerbouquet.pk/collections/all-products","/collections/flowers-karachi","Flowers To Karachi"
"https://flowerbouquet.pk/collections/all-products","/collections/flowers-faisalabad","Flowers To Faisalabad"
"https://flowerbouquet.pk/collections/all-products","/collections/bouquets-cakes","Bouquets &amp; Cakes"
"https://flowerbouquet.pk/collections/all-products","/collections/chocolate-bouquets","Bouquets &amp; Chocolates"
"https://flowerbouquet.pk/collections/all-products","/collections/flower-combos","All Bundles"
"https://flowerbouquet.pk/collections/all-products","/collections/bestseller-cakes","Bestseller Cakes"
"https://flowerbouquet.pk/collections/all-products","/collections/signature-cakes","Signature Cakes"
"https://flowerbouquet.pk/collections/all-products","/collections/petite-cakes","Bento Cakes"
"https://flowerbouquet.pk/collections/all-products","/collections/picture-print-cakes","Picture Print Cakes"
"https://flowerbouquet.pk/collections/all-products","/collections/heart-cakes","Heart Cakes"
"https://flowerbouquet.pk/collections/all-products","/collections/regular-cakes","Regular Cakes"
"https://flowerbouquet.pk/collections/birthday-gifts-flowers","/policies/terms-of-service","Terms &amp; Conditions"
"https://flowerbouquet.pk/collections/birthday-gifts-flowers","/policies/privacy-policy","Privacy Policy"
"https://flowerbouquet.pk/collections/birthday-gifts-flowers","/","Home"
"https://flowerbouquet.pk/collections/birthday-gifts-flowers","/collections/best-selling-flowers","Best Selling"
"https://flowerbouquet.pk/collections/birthday-gifts-flowers","/collections/anniversary-gifts-flowers","Anniversary Flowers"
"https://flowerbouquet.pk/collections/birthday-gifts-flowers","/collections/birthday-gifts-flowers","Birthday Flowers"
"https://flowerbouquet.pk/collections/birthday-gifts-flowers","/collections/valentines-day-gifts-flowers","Valentine&#39;s Flowers"
"https://flowerbouquet.pk/collections/birthday-gifts-flowers","/collections/christmas-gifts-flowers","Christmas Flowers"
"https://flowerbouquet.pk/collections/birthday-gifts-flowers","/collections/friendship-day-gifts-flowers","Friendship Flower"
"https://flowerbouquet.pk/collections/birthday-gifts-flowers","/collections/graduation-gifts-flowers","Graduation Flowers"
"https://flowerbouquet.pk/collections/birthday-gifts-flowers","/collections/new-year-gifts-flowers","New Year Bliss"
"https://flowerbouquet.pk/collections/birthday-gifts-flowers","/collections/congratulations-gift-flowers","Congratulatory Flowers"
"https://flowerbouquet.pk/collections/birthday-gifts-flowers","/collections/bridal-shower-gifts-flowers","Bridal Shower Flowers"
"https://flowerbouquet.pk/collections/birthday-gifts-flowers","/collections/get-well-soon-gifts-flowers","Get Well Soon Flowers"
"https://flowerbouquet.pk/collections/birthday-gifts-flowers","/collections/mothers-day-gifts-flowers","Mother&#39;s Day"
"https://flowerbouquet.pk/collections/birthday-gifts-flowers","/pages/fathers-day-gifts-and-flowers-in-lahore","Father&#39;s Day"
"https://flowerbouquet.pk/collections/birthday-gifts-flowers","/collections/friendship-day-gifts-flowers","Friendship Day"
"https://flowerbouquet.pk/collections/birthday-gifts-flowers","/collections/teachers-day-gifts-flowers","Teachers Day"
"https://flowerbouquet.pk/collections/birthday-gifts-flowers","/collections/womens-day-gifts-flowers","Women&#39;s Day"
"https://flowerbouquet.pk/collections/birthday-gifts-flowers","/collections/valentines-day-gifts-flowers","Valentine&#39;s day"
"https://flowerbouquet.pk/collections/birthday-gifts-flowers","/collections/get-well-soon-gifts-flowers","Get Well Soon"
"https://flowerbouquet.pk/collections/birthday-gifts-flowers","/collections/im-sorry-gifts-flowers","I&#39;m Sorry"
"https://flowerbouquet.pk/collections/birthday-gifts-flowers","/collections/sympathy-gifts-flowers","Sympathy"
"https://flowerbouquet.pk/collections/birthday-gifts-flowers","/collections/thank-you-gifts-flowers","Thank You"
"https://flowerbouquet.pk/collections/birthday-gifts-flowers","/collections/congratulations-gift-flowers","Congratulations"
"https://flowerbouquet.pk/collections/birthday-gifts-flowers","/collections/christmas-gifts-flowers","Christmas"
"https://flowerbouquet.pk/collections/birthday-gifts-flowers","/collections/eid-gifts-flowers","Ramdan &amp; Eid"
"https://flowerbouquet.pk/collections/birthday-gifts-flowers","/collections/rose-bouquet-pakistan","Red Roses Bouquet"
"https://flowerbouquet.pk/collections/birthday-gifts-flowers","/collections/black-rose-bouquets","Black Rose Bouquets"
"https://flowerbouquet.pk/collections/birthday-gifts-flowers","/collections/white-rose-bouquet-pakistan","White Rose Bouquet"
"https://flowerbouquet.pk/collections/birthday-gifts-flowers","/collections/pink-rose-bouquet-pakistan","Pink Rose Bouquet"
"https://flowerbouquet.pk/collections/birthday-gifts-flowers","/collections/sunflower-bouquet","Sunflower Bouquet"
"https://flowerbouquet.pk/collections/birthday-gifts-flowers","/collections/chrysanthemum-flowers-pakistan","Chrysanthemum Flowers"
"https://flowerbouquet.pk/collections/birthday-gifts-flowers","/collections/mixed-flower-bouquet-pakistan","Mixed Flower Bouquet"
"https://flowerbouquet.pk/collections/birthday-gifts-flowers","/collections/crochet-bouquets","Crochet Bouquets"
"https://flowerbouquet.pk/collections/birthday-gifts-flowers","/collections/chocolate-bouquets","Chocolate Bouquets"
"https://flowerbouquet.pk/collections/birthday-gifts-flowers","/collections/snacks-bouquet","Snacks Bouquets"
"https://flowerbouquet.pk/collections/birthday-gifts-flowers","/collections/flowers-lahore","Flowers To Lahore"
"https://flowerbouquet.pk/collections/birthday-gifts-flowers","/collections/flowers-islamabad","Flowers To Islamabad"
"https://flowerbouquet.pk/collections/birthday-gifts-flowers","/collections/flowers-karachi","Flowers To Karachi"
"https://flowerbouquet.pk/collections/birthday-gifts-flowers","/collections/flowers-faisalabad","Flowers To Faisalabad"
"https://flowerbouquet.pk/collections/birthday-gifts-flowers","/collections/bouquets-cakes","Bouquets &amp; Cakes"
"https://flowerbouquet.pk/collections/birthday-gifts-flowers","/collections/chocolate-bouquets","Bouquets &amp; Chocolates"
"https://flowerbouquet.pk/collections/birthday-gifts-flowers","/collections/flower-combos","All Bundles"
"https://flowerbouquet.pk/collections/birthday-gifts-flowers","/collections/bestseller-cakes","Bestseller Cakes"
"https://flowerbouquet.pk/collections/birthday-gifts-flowers","/collections/signature-cakes","Signature Cakes"
"https://flowerbouquet.pk/collections/birthday-gifts-flowers","/collections/petite-cakes","Bento Cakes"
"https://flowerbouquet.pk/collections/birthday-gifts-flowers","/collections/picture-print-cakes","Picture Print Cakes"
"https://flowerbouquet.pk/collections/birthday-gifts-flowers","/collections/heart-cakes","Heart Cakes"
"https://flowerbouquet.pk/collections/birthday-gifts-flowers","/collections/regular-cakes","Regular Cakes"
"https://flowerbouquet.pk/collections/anniversary-gifts-flowers","/policies/terms-of-service","Terms &amp; Conditions"
"https://flowerbouquet.pk/collections/anniversary-gifts-flowers","/policies/privacy-policy","Privacy Policy"
"https://flowerbouquet.pk/collections/anniversary-gifts-flowers","/","Home"
"https://flowerbouquet.pk/collections/anniversary-gifts-flowers","/collections/best-selling-flowers","Best Selling"
"https://flowerbouquet.pk/collections/anniversary-gifts-flowers","/collections/anniversary-gifts-flowers","Anniversary Flowers"
"https://flowerbouquet.pk/collections/anniversary-gifts-flowers","/collections/birthday-gifts-flowers","Birthday Flowers"
"https://flowerbouquet.pk/collections/anniversary-gifts-flowers","/collections/valentines-day-gifts-flowers","Valentine&#39;s Flowers"
"https://flowerbouquet.pk/collections/anniversary-gifts-flowers","/collections/christmas-gifts-flowers","Christmas Flowers"
"https://flowerbouquet.pk/collections/anniversary-gifts-flowers","/collections/friendship-day-gifts-flowers","Friendship Flower"
"https://flowerbouquet.pk/collections/anniversary-gifts-flowers","/collections/graduation-gifts-flowers","Graduation Flowers"
"https://flowerbouquet.pk/collections/anniversary-gifts-flowers","/collections/new-year-gifts-flowers","New Year Bliss"
"https://flowerbouquet.pk/collections/anniversary-gifts-flowers","/collections/congratulations-gift-flowers","Congratulatory Flowers"
"https://flowerbouquet.pk/collections/anniversary-gifts-flowers","/collections/bridal-shower-gifts-flowers","Bridal Shower Flowers"
"https://flowerbouquet.pk/collections/anniversary-gifts-flowers","/collections/get-well-soon-gifts-flowers","Get Well Soon Flowers"
"https://flowerbouquet.pk/collections/anniversary-gifts-flowers","/collections/mothers-day-gifts-flowers","Mother&#39;s Day"
"https://flowerbouquet.pk/collections/anniversary-gifts-flowers","/pages/fathers-day-gifts-and-flowers-in-lahore","Father&#39;s Day"
"https://flowerbouquet.pk/collections/anniversary-gifts-flowers","/collections/friendship-day-gifts-flowers","Friendship Day"
"https://flowerbouquet.pk/collections/anniversary-gifts-flowers","/collections/teachers-day-gifts-flowers","Teachers Day"
"https://flowerbouquet.pk/collections/anniversary-gifts-flowers","/collections/womens-day-gifts-flowers","Women&#39;s Day"
"https://flowerbouquet.pk/collections/anniversary-gifts-flowers","/collections/valentines-day-gifts-flowers","Valentine&#39;s day"
"https://flowerbouquet.pk/collections/anniversary-gifts-flowers","/collections/get-well-soon-gifts-flowers","Get Well Soon"
"https://flowerbouquet.pk/collections/anniversary-gifts-flowers","/collections/im-sorry-gifts-flowers","I&#39;m Sorry"
"https://flowerbouquet.pk/collections/anniversary-gifts-flowers","/collections/sympathy-gifts-flowers","Sympathy"
"https://flowerbouquet.pk/collections/anniversary-gifts-flowers","/collections/thank-you-gifts-flowers","Thank You"
"https://flowerbouquet.pk/collections/anniversary-gifts-flowers","/collections/congratulations-gift-flowers","Congratulations"
"https://flowerbouquet.pk/collections/anniversary-gifts-flowers","/collections/christmas-gifts-flowers","Christmas"
"https://flowerbouquet.pk/collections/anniversary-gifts-flowers","/collections/eid-gifts-flowers","Ramdan &amp; Eid"
"https://flowerbouquet.pk/collections/anniversary-gifts-flowers","/collections/rose-bouquet-pakistan","Red Roses Bouquet"
"https://flowerbouquet.pk/collections/anniversary-gifts-flowers","/collections/black-rose-bouquets","Black Rose Bouquets"
"https://flowerbouquet.pk/collections/anniversary-gifts-flowers","/collections/white-rose-bouquet-pakistan","White Rose Bouquet"
"https://flowerbouquet.pk/collections/anniversary-gifts-flowers","/collections/pink-rose-bouquet-pakistan","Pink Rose Bouquet"
"https://flowerbouquet.pk/collections/anniversary-gifts-flowers","/collections/sunflower-bouquet","Sunflower Bouquet"
"https://flowerbouquet.pk/collections/anniversary-gifts-flowers","/collections/chrysanthemum-flowers-pakistan","Chrysanthemum Flowers"
"https://flowerbouquet.pk/collections/anniversary-gifts-flowers","/collections/mixed-flower-bouquet-pakistan","Mixed Flower Bouquet"
"https://flowerbouquet.pk/collections/anniversary-gifts-flowers","/collections/crochet-bouquets","Crochet Bouquets"
"https://flowerbouquet.pk/collections/anniversary-gifts-flowers","/collections/chocolate-bouquets","Chocolate Bouquets"
"https://flowerbouquet.pk/collections/anniversary-gifts-flowers","/collections/snacks-bouquet","Snacks Bouquets"
"https://flowerbouquet.pk/collections/anniversary-gifts-flowers","/collections/flowers-lahore","Flowers To Lahore"
"https://flowerbouquet.pk/collections/anniversary-gifts-flowers","/collections/flowers-islamabad","Flowers To Islamabad"
"https://flowerbouquet.pk/collections/anniversary-gifts-flowers","/collections/flowers-karachi","Flowers To Karachi"
"https://flowerbouquet.pk/collections/anniversary-gifts-flowers","/collections/flowers-faisalabad","Flowers To Faisalabad"
"https://flowerbouquet.pk/collections/anniversary-gifts-flowers","/collections/bouquets-cakes","Bouquets &amp; Cakes"
"https://flowerbouquet.pk/collections/anniversary-gifts-flowers","/collections/chocolate-bouquets","Bouquets &amp; Chocolates"
"https://flowerbouquet.pk/collections/anniversary-gifts-flowers","/collections/flower-combos","All Bundles"
"https://flowerbouquet.pk/collections/anniversary-gifts-flowers","/collections/bestseller-cakes","Bestseller Cakes"
"https://flowerbouquet.pk/collections/anniversary-gifts-flowers","/collections/signature-cakes","Signature Cakes"
"https://flowerbouquet.pk/collections/anniversary-gifts-flowers","/collections/petite-cakes","Bento Cakes"
"https://flowerbouquet.pk/collections/anniversary-gifts-flowers","/collections/picture-print-cakes","Picture Print Cakes"
"https://flowerbouquet.pk/collections/anniversary-gifts-flowers","/collections/heart-cakes","Heart Cakes"
"https://flowerbouquet.pk/collections/anniversary-gifts-flowers","/collections/regular-cakes","Regular Cakes"
"https://flowerbouquet.pk/collections/valentines-day-gifts-flowers","/policies/terms-of-service","Terms &amp; Conditions"
"https://flowerbouquet.pk/collections/valentines-day-gifts-flowers","/policies/privacy-policy","Privacy Policy"
"https://flowerbouquet.pk/collections/valentines-day-gifts-flowers","/","Home"
"https://flowerbouquet.pk/collections/valentines-day-gifts-flowers","/collections/best-selling-flowers","Best Selling"
"https://flowerbouquet.pk/collections/valentines-day-gifts-flowers","/collections/anniversary-gifts-flowers","Anniversary Flowers"
"https://flowerbouquet.pk/collections/valentines-day-gifts-flowers","/collections/birthday-gifts-flowers","Birthday Flowers"
"https://flowerbouquet.pk/collections/valentines-day-gifts-flowers","/collections/valentines-day-gifts-flowers","Valentine&#39;s Flowers"
"https://flowerbouquet.pk/collections/valentines-day-gifts-flowers","/collections/christmas-gifts-flowers","Christmas Flowers"
"https://flowerbouquet.pk/collections/valentines-day-gifts-flowers","/collections/friendship-day-gifts-flowers","Friendship Flower"
"https://flowerbouquet.pk/collections/valentines-day-gifts-flowers","/collections/graduation-gifts-flowers","Graduation Flowers"
"https://flowerbouquet.pk/collections/valentines-day-gifts-flowers","/collections/new-year-gifts-flowers","New Year Bliss"
"https://flowerbouquet.pk/collections/valentines-day-gifts-flowers","/collections/congratulations-gift-flowers","Congratulatory Flowers"
"https://flowerbouquet.pk/collections/valentines-day-gifts-flowers","/collections/bridal-shower-gifts-flowers","Bridal Shower Flowers"
"https://flowerbouquet.pk/collections/valentines-day-gifts-flowers","/collections/get-well-soon-gifts-flowers","Get Well Soon Flowers"
"https://flowerbouquet.pk/collections/valentines-day-gifts-flowers","/collections/mothers-day-gifts-flowers","Mother&#39;s Day"
"https://flowerbouquet.pk/collections/valentines-day-gifts-flowers","/pages/fathers-day-gifts-and-flowers-in-lahore","Father&#39;s Day"
"https://flowerbouquet.pk/collections/valentines-day-gifts-flowers","/collections/friendship-day-gifts-flowers","Friendship Day"
"https://flowerbouquet.pk/collections/valentines-day-gifts-flowers","/collections/teachers-day-gifts-flowers","Teachers Day"
"https://flowerbouquet.pk/collections/valentines-day-gifts-flowers","/collections/womens-day-gifts-flowers","Women&#39;s Day"
"https://flowerbouquet.pk/collections/valentines-day-gifts-flowers","/collections/valentines-day-gifts-flowers","Valentine&#39;s day"
"https://flowerbouquet.pk/collections/valentines-day-gifts-flowers","/collections/get-well-soon-gifts-flowers","Get Well Soon"
"https://flowerbouquet.pk/collections/valentines-day-gifts-flowers","/collections/im-sorry-gifts-flowers","I&#39;m Sorry"
"https://flowerbouquet.pk/collections/valentines-day-gifts-flowers","/collections/sympathy-gifts-flowers","Sympathy"
"https://flowerbouquet.pk/collections/valentines-day-gifts-flowers","/collections/thank-you-gifts-flowers","Thank You"
"https://flowerbouquet.pk/collections/valentines-day-gifts-flowers","/collections/congratulations-gift-flowers","Congratulations"
"https://flowerbouquet.pk/collections/valentines-day-gifts-flowers","/collections/christmas-gifts-flowers","Christmas"
"https://flowerbouquet.pk/collections/valentines-day-gifts-flowers","/collections/eid-gifts-flowers","Ramdan &amp; Eid"
"https://flowerbouquet.pk/collections/valentines-day-gifts-flowers","/collections/rose-bouquet-pakistan","Red Roses Bouquet"
"https://flowerbouquet.pk/collections/valentines-day-gifts-flowers","/collections/black-rose-bouquets","Black Rose Bouquets"
"https://flowerbouquet.pk/collections/valentines-day-gifts-flowers","/collections/white-rose-bouquet-pakistan","White Rose Bouquet"
"https://flowerbouquet.pk/collections/valentines-day-gifts-flowers","/collections/pink-rose-bouquet-pakistan","Pink Rose Bouquet"
"https://flowerbouquet.pk/collections/valentines-day-gifts-flowers","/collections/sunflower-bouquet","Sunflower Bouquet"
"https://flowerbouquet.pk/collections/valentines-day-gifts-flowers","/collections/chrysanthemum-flowers-pakistan","Chrysanthemum Flowers"
"https://flowerbouquet.pk/collections/valentines-day-gifts-flowers","/collections/mixed-flower-bouquet-pakistan","Mixed Flower Bouquet"
"https://flowerbouquet.pk/collections/valentines-day-gifts-flowers","/collections/crochet-bouquets","Crochet Bouquets"
"https://flowerbouquet.pk/collections/valentines-day-gifts-flowers","/collections/chocolate-bouquets","Chocolate Bouquets"
"https://flowerbouquet.pk/collections/valentines-day-gifts-flowers","/collections/snacks-bouquet","Snacks Bouquets"
"https://flowerbouquet.pk/collections/valentines-day-gifts-flowers","/collections/flowers-lahore","Flowers To Lahore"
"https://flowerbouquet.pk/collections/valentines-day-gifts-flowers","/collections/flowers-islamabad","Flowers To Islamabad"
"https://flowerbouquet.pk/collections/valentines-day-gifts-flowers","/collections/flowers-karachi","Flowers To Karachi"
"https://flowerbouquet.pk/collections/valentines-day-gifts-flowers","/collections/flowers-faisalabad","Flowers To Faisalabad"
"https://flowerbouquet.pk/collections/valentines-day-gifts-flowers","/collections/bouquets-cakes","Bouquets &amp; Cakes"
"https://flowerbouquet.pk/collections/valentines-day-gifts-flowers","/collections/chocolate-bouquets","Bouquets &amp; Chocolates"
"https://flowerbouquet.pk/collections/valentines-day-gifts-flowers","/collections/flower-combos","All Bundles"
"https://flowerbouquet.pk/collections/valentines-day-gifts-flowers","/collections/bestseller-cakes","Bestseller Cakes"
"https://flowerbouquet.pk/collections/valentines-day-gifts-flowers","/collections/signature-cakes","Signature Cakes"
"https://flowerbouquet.pk/collections/valentines-day-gifts-flowers","/collections/petite-cakes","Bento Cakes"
"https://flowerbouquet.pk/collections/valentines-day-gifts-flowers","/collections/picture-print-cakes","Picture Print Cakes"
"https://flowerbouquet.pk/collections/valentines-day-gifts-flowers","/collections/heart-cakes","Heart Cakes"
"https://flowerbouquet.pk/collections/valentines-day-gifts-flowers","/collections/regular-cakes","Regular Cakes"
"https://flowerbouquet.pk/collections/mothers-day-gifts-flowers","/policies/terms-of-service","Terms &amp; Conditions"
"https://flowerbouquet.pk/collections/mothers-day-gifts-flowers","/policies/privacy-policy","Privacy Policy"
"https://flowerbouquet.pk/collections/mothers-day-gifts-flowers","/","Home"
"https://flowerbouquet.pk/collections/mothers-day-gifts-flowers","/collections/best-selling-flowers","Best Selling"
"https://flowerbouquet.pk/collections/mothers-day-gifts-flowers","/collections/anniversary-gifts-flowers","Anniversary Flowers"
"https://flowerbouquet.pk/collections/mothers-day-gifts-flowers","/collections/birthday-gifts-flowers","Birthday Flowers"
"https://flowerbouquet.pk/collections/mothers-day-gifts-flowers","/collections/valentines-day-gifts-flowers","Valentine&#39;s Flowers"
"https://flowerbouquet.pk/collections/mothers-day-gifts-flowers","/collections/christmas-gifts-flowers","Christmas Flowers"
"https://flowerbouquet.pk/collections/mothers-day-gifts-flowers","/collections/friendship-day-gifts-flowers","Friendship Flower"
"https://flowerbouquet.pk/collections/mothers-day-gifts-flowers","/collections/graduation-gifts-flowers","Graduation Flowers"
"https://flowerbouquet.pk/collections/mothers-day-gifts-flowers","/collections/new-year-gifts-flowers","New Year Bliss"
"https://flowerbouquet.pk/collections/mothers-day-gifts-flowers","/collections/congratulations-gift-flowers","Congratulatory Flowers"
"https://flowerbouquet.pk/collections/mothers-day-gifts-flowers","/collections/bridal-shower-gifts-flowers","Bridal Shower Flowers"
"https://flowerbouquet.pk/collections/mothers-day-gifts-flowers","/collections/get-well-soon-gifts-flowers","Get Well Soon Flowers"
"https://flowerbouquet.pk/collections/mothers-day-gifts-flowers","/collections/mothers-day-gifts-flowers","Mother&#39;s Day"
"https://flowerbouquet.pk/collections/mothers-day-gifts-flowers","/pages/fathers-day-gifts-and-flowers-in-lahore","Father&#39;s Day"
"https://flowerbouquet.pk/collections/mothers-day-gifts-flowers","/collections/friendship-day-gifts-flowers","Friendship Day"
"https://flowerbouquet.pk/collections/mothers-day-gifts-flowers","/collections/teachers-day-gifts-flowers","Teachers Day"
"https://flowerbouquet.pk/collections/mothers-day-gifts-flowers","/collections/womens-day-gifts-flowers","Women&#39;s Day"
"https://flowerbouquet.pk/collections/mothers-day-gifts-flowers","/collections/valentines-day-gifts-flowers","Valentine&#39;s day"
"https://flowerbouquet.pk/collections/mothers-day-gifts-flowers","/collections/get-well-soon-gifts-flowers","Get Well Soon"
"https://flowerbouquet.pk/collections/mothers-day-gifts-flowers","/collections/im-sorry-gifts-flowers","I&#39;m Sorry"
"https://flowerbouquet.pk/collections/mothers-day-gifts-flowers","/collections/sympathy-gifts-flowers","Sympathy"
"https://flowerbouquet.pk/collections/mothers-day-gifts-flowers","/collections/thank-you-gifts-flowers","Thank You"
"https://flowerbouquet.pk/collections/mothers-day-gifts-flowers","/collections/congratulations-gift-flowers","Congratulations"
"https://flowerbouquet.pk/collections/mothers-day-gifts-flowers","/collections/christmas-gifts-flowers","Christmas"
"https://flowerbouquet.pk/collections/mothers-day-gifts-flowers","/collections/eid-gifts-flowers","Ramdan &amp; Eid"
"https://flowerbouquet.pk/collections/mothers-day-gifts-flowers","/collections/rose-bouquet-pakistan","Red Roses Bouquet"
"https://flowerbouquet.pk/collections/mothers-day-gifts-flowers","/collections/black-rose-bouquets","Black Rose Bouquets"
"https://flowerbouquet.pk/collections/mothers-day-gifts-flowers","/collections/white-rose-bouquet-pakistan","White Rose Bouquet"
"https://flowerbouquet.pk/collections/mothers-day-gifts-flowers","/collections/pink-rose-bouquet-pakistan","Pink Rose Bouquet"
"https://flowerbouquet.pk/collections/mothers-day-gifts-flowers","/collections/sunflower-bouquet","Sunflower Bouquet"
"https://flowerbouquet.pk/collections/mothers-day-gifts-flowers","/collections/chrysanthemum-flowers-pakistan","Chrysanthemum Flowers"
"https://flowerbouquet.pk/collections/mothers-day-gifts-flowers","/collections/mixed-flower-bouquet-pakistan","Mixed Flower Bouquet"
"https://flowerbouquet.pk/collections/mothers-day-gifts-flowers","/collections/crochet-bouquets","Crochet Bouquets"
"https://flowerbouquet.pk/collections/mothers-day-gifts-flowers","/collections/chocolate-bouquets","Chocolate Bouquets"
"https://flowerbouquet.pk/collections/mothers-day-gifts-flowers","/collections/snacks-bouquet","Snacks Bouquets"
"https://flowerbouquet.pk/collections/mothers-day-gifts-flowers","/collections/flowers-lahore","Flowers To Lahore"
"https://flowerbouquet.pk/collections/mothers-day-gifts-flowers","/collections/flowers-islamabad","Flowers To Islamabad"
"https://flowerbouquet.pk/collections/mothers-day-gifts-flowers","/collections/flowers-karachi","Flowers To Karachi"
"https://flowerbouquet.pk/collections/mothers-day-gifts-flowers","/collections/flowers-faisalabad","Flowers To Faisalabad"
"https://flowerbouquet.pk/collections/mothers-day-gifts-flowers","/collections/bouquets-cakes","Bouquets &amp; Cakes"
"https://flowerbouquet.pk/collections/mothers-day-gifts-flowers","/collections/chocolate-bouquets","Bouquets &amp; Chocolates"
"https://flowerbouquet.pk/collections/mothers-day-gifts-flowers","/collections/flower-combos","All Bundles"
"https://flowerbouquet.pk/collections/mothers-day-gifts-flowers","/collections/bestseller-cakes","Bestseller Cakes"
"https://flowerbouquet.pk/collections/mothers-day-gifts-flowers","/collections/signature-cakes","Signature Cakes"
"https://flowerbouquet.pk/collections/mothers-day-gifts-flowers","/collections/petite-cakes","Bento Cakes"
"https://flowerbouquet.pk/collections/mothers-day-gifts-flowers","/collections/picture-print-cakes","Picture Print Cakes"
"https://flowerbouquet.pk/collections/mothers-day-gifts-flowers","/collections/heart-cakes","Heart Cakes"
"https://flowerbouquet.pk/collections/mothers-day-gifts-flowers","/collections/regular-cakes","Regular Cakes"
"https://flowerbouquet.pk/collections/fathers-day-gifts-flowers","/policies/terms-of-service","Terms &amp; Conditions"
"https://flowerbouquet.pk/collections/fathers-day-gifts-flowers","/policies/privacy-policy","Privacy Policy"
"https://flowerbouquet.pk/collections/fathers-day-gifts-flowers","/","Home"
"https://flowerbouquet.pk/collections/fathers-day-gifts-flowers","/collections/best-selling-flowers","Best Selling"
"https://flowerbouquet.pk/collections/fathers-day-gifts-flowers","/collections/anniversary-gifts-flowers","Anniversary Flowers"
"https://flowerbouquet.pk/collections/fathers-day-gifts-flowers","/collections/birthday-gifts-flowers","Birthday Flowers"
"https://flowerbouquet.pk/collections/fathers-day-gifts-flowers","/collections/valentines-day-gifts-flowers","Valentine&#39;s Flowers"
"https://flowerbouquet.pk/collections/fathers-day-gifts-flowers","/collections/christmas-gifts-flowers","Christmas Flowers"
"https://flowerbouquet.pk/collections/fathers-day-gifts-flowers","/collections/friendship-day-gifts-flowers","Friendship Flower"
"https://flowerbouquet.pk/collections/fathers-day-gifts-flowers","/collections/graduation-gifts-flowers","Graduation Flowers"
"https://flowerbouquet.pk/collections/fathers-day-gifts-flowers","/collections/new-year-gifts-flowers","New Year Bliss"
"https://flowerbouquet.pk/collections/fathers-day-gifts-flowers","/collections/congratulations-gift-flowers","Congratulatory Flowers"
"https://flowerbouquet.pk/collections/fathers-day-gifts-flowers","/collections/bridal-shower-gifts-flowers","Bridal Shower Flowers"
"https://flowerbouquet.pk/collections/fathers-day-gifts-flowers","/collections/get-well-soon-gifts-flowers","Get Well Soon Flowers"
"https://flowerbouquet.pk/collections/fathers-day-gifts-flowers","/collections/mothers-day-gifts-flowers","Mother&#39;s Day"
"https://flowerbouquet.pk/collections/fathers-day-gifts-flowers","/pages/fathers-day-gifts-and-flowers-in-lahore","Father&#39;s Day"
"https://flowerbouquet.pk/collections/fathers-day-gifts-flowers","/collections/friendship-day-gifts-flowers","Friendship Day"
"https://flowerbouquet.pk/collections/fathers-day-gifts-flowers","/collections/teachers-day-gifts-flowers","Teachers Day"
"https://flowerbouquet.pk/collections/fathers-day-gifts-flowers","/collections/womens-day-gifts-flowers","Women&#39;s Day"
"https://flowerbouquet.pk/collections/fathers-day-gifts-flowers","/collections/valentines-day-gifts-flowers","Valentine&#39;s day"
"https://flowerbouquet.pk/collections/fathers-day-gifts-flowers","/collections/get-well-soon-gifts-flowers","Get Well Soon"
"https://flowerbouquet.pk/collections/fathers-day-gifts-flowers","/collections/im-sorry-gifts-flowers","I&#39;m Sorry"
"https://flowerbouquet.pk/collections/fathers-day-gifts-flowers","/collections/sympathy-gifts-flowers","Sympathy"
"https://flowerbouquet.pk/collections/fathers-day-gifts-flowers","/collections/thank-you-gifts-flowers","Thank You"
"https://flowerbouquet.pk/collections/fathers-day-gifts-flowers","/collections/congratulations-gift-flowers","Congratulations"
"https://flowerbouquet.pk/collections/fathers-day-gifts-flowers","/collections/christmas-gifts-flowers","Christmas"
"https://flowerbouquet.pk/collections/fathers-day-gifts-flowers","/collections/eid-gifts-flowers","Ramdan &amp; Eid"
"https://flowerbouquet.pk/collections/fathers-day-gifts-flowers","/collections/rose-bouquet-pakistan","Red Roses Bouquet"
"https://flowerbouquet.pk/collections/fathers-day-gifts-flowers","/collections/black-rose-bouquets","Black Rose Bouquets"
"https://flowerbouquet.pk/collections/fathers-day-gifts-flowers","/collections/white-rose-bouquet-pakistan","White Rose Bouquet"
"https://flowerbouquet.pk/collections/fathers-day-gifts-flowers","/collections/pink-rose-bouquet-pakistan","Pink Rose Bouquet"
"https://flowerbouquet.pk/collections/fathers-day-gifts-flowers","/collections/sunflower-bouquet","Sunflower Bouquet"
"https://flowerbouquet.pk/collections/fathers-day-gifts-flowers","/collections/chrysanthemum-flowers-pakistan","Chrysanthemum Flowers"
"https://flowerbouquet.pk/collections/fathers-day-gifts-flowers","/collections/mixed-flower-bouquet-pakistan","Mixed Flower Bouquet"
"https://flowerbouquet.pk/collections/fathers-day-gifts-flowers","/collections/crochet-bouquets","Crochet Bouquets"
"https://flowerbouquet.pk/collections/fathers-day-gifts-flowers","/collections/chocolate-bouquets","Chocolate Bouquets"
"https://flowerbouquet.pk/collections/fathers-day-gifts-flowers","/collections/snacks-bouquet","Snacks Bouquets"
"https://flowerbouquet.pk/collections/fathers-day-gifts-flowers","/collections/flowers-lahore","Flowers To Lahore"
"https://flowerbouquet.pk/collections/fathers-day-gifts-flowers","/collections/flowers-islamabad","Flowers To Islamabad"
"https://flowerbouquet.pk/collections/fathers-day-gifts-flowers","/collections/flowers-karachi","Flowers To Karachi"
"https://flowerbouquet.pk/collections/fathers-day-gifts-flowers","/collections/flowers-faisalabad","Flowers To Faisalabad"
"https://flowerbouquet.pk/collections/fathers-day-gifts-flowers","/collections/bouquets-cakes","Bouquets &amp; Cakes"
"https://flowerbouquet.pk/collections/fathers-day-gifts-flowers","/collections/chocolate-bouquets","Bouquets &amp; Chocolates"
"https://flowerbouquet.pk/collections/fathers-day-gifts-flowers","/collections/flower-combos","All Bundles"
"https://flowerbouquet.pk/collections/fathers-day-gifts-flowers","/collections/bestseller-cakes","Bestseller Cakes"
"https://flowerbouquet.pk/collections/fathers-day-gifts-flowers","/collections/signature-cakes","Signature Cakes"
"https://flowerbouquet.pk/collections/fathers-day-gifts-flowers","/collections/petite-cakes","Bento Cakes"
"https://flowerbouquet.pk/collections/fathers-day-gifts-flowers","/collections/picture-print-cakes","Picture Print Cakes"
"https://flowerbouquet.pk/collections/fathers-day-gifts-flowers","/collections/heart-cakes","Heart Cakes"
"https://flowerbouquet.pk/collections/fathers-day-gifts-flowers","/collections/regular-cakes","Regular Cakes"
"https://flowerbouquet.pk/collections/congratulations-gift-flowers","/policies/terms-of-service","Terms &amp; Conditions"
"https://flowerbouquet.pk/collections/congratulations-gift-flowers","/policies/privacy-policy","Privacy Policy"
"https://flowerbouquet.pk/collections/congratulations-gift-flowers","/","Home"
"https://flowerbouquet.pk/collections/congratulations-gift-flowers","/collections/best-selling-flowers","Best Selling"
"https://flowerbouquet.pk/collections/congratulations-gift-flowers","/collections/anniversary-gifts-flowers","Anniversary Flowers"
"https://flowerbouquet.pk/collections/congratulations-gift-flowers","/collections/birthday-gifts-flowers","Birthday Flowers"
"https://flowerbouquet.pk/collections/congratulations-gift-flowers","/collections/valentines-day-gifts-flowers","Valentine&#39;s Flowers"
"https://flowerbouquet.pk/collections/congratulations-gift-flowers","/collections/christmas-gifts-flowers","Christmas Flowers"
"https://flowerbouquet.pk/collections/congratulations-gift-flowers","/collections/friendship-day-gifts-flowers","Friendship Flower"
"https://flowerbouquet.pk/collections/congratulations-gift-flowers","/collections/graduation-gifts-flowers","Graduation Flowers"
"https://flowerbouquet.pk/collections/congratulations-gift-flowers","/collections/new-year-gifts-flowers","New Year Bliss"
"https://flowerbouquet.pk/collections/congratulations-gift-flowers","/collections/congratulations-gift-flowers","Congratulatory Flowers"
"https://flowerbouquet.pk/collections/congratulations-gift-flowers","/collections/bridal-shower-gifts-flowers","Bridal Shower Flowers"
"https://flowerbouquet.pk/collections/congratulations-gift-flowers","/collections/get-well-soon-gifts-flowers","Get Well Soon Flowers"
"https://flowerbouquet.pk/collections/congratulations-gift-flowers","/collections/mothers-day-gifts-flowers","Mother&#39;s Day"
"https://flowerbouquet.pk/collections/congratulations-gift-flowers","/pages/fathers-day-gifts-and-flowers-in-lahore","Father&#39;s Day"
"https://flowerbouquet.pk/collections/congratulations-gift-flowers","/collections/friendship-day-gifts-flowers","Friendship Day"
"https://flowerbouquet.pk/collections/congratulations-gift-flowers","/collections/teachers-day-gifts-flowers","Teachers Day"
"https://flowerbouquet.pk/collections/congratulations-gift-flowers","/collections/womens-day-gifts-flowers","Women&#39;s Day"
"https://flowerbouquet.pk/collections/congratulations-gift-flowers","/collections/valentines-day-gifts-flowers","Valentine&#39;s day"
"https://flowerbouquet.pk/collections/congratulations-gift-flowers","/collections/get-well-soon-gifts-flowers","Get Well Soon"
"https://flowerbouquet.pk/collections/congratulations-gift-flowers","/collections/im-sorry-gifts-flowers","I&#39;m Sorry"
"https://flowerbouquet.pk/collections/congratulations-gift-flowers","/collections/sympathy-gifts-flowers","Sympathy"
"https://flowerbouquet.pk/collections/congratulations-gift-flowers","/collections/thank-you-gifts-flowers","Thank You"
"https://flowerbouquet.pk/collections/congratulations-gift-flowers","/collections/congratulations-gift-flowers","Congratulations"
"https://flowerbouquet.pk/collections/congratulations-gift-flowers","/collections/christmas-gifts-flowers","Christmas"
"https://flowerbouquet.pk/collections/congratulations-gift-flowers","/collections/eid-gifts-flowers","Ramdan &amp; Eid"
"https://flowerbouquet.pk/collections/congratulations-gift-flowers","/collections/rose-bouquet-pakistan","Red Roses Bouquet"
"https://flowerbouquet.pk/collections/congratulations-gift-flowers","/collections/black-rose-bouquets","Black Rose Bouquets"
"https://flowerbouquet.pk/collections/congratulations-gift-flowers","/collections/white-rose-bouquet-pakistan","White Rose Bouquet"
"https://flowerbouquet.pk/collections/congratulations-gift-flowers","/collections/pink-rose-bouquet-pakistan","Pink Rose Bouquet"
"https://flowerbouquet.pk/collections/congratulations-gift-flowers","/collections/sunflower-bouquet","Sunflower Bouquet"
"https://flowerbouquet.pk/collections/congratulations-gift-flowers","/collections/chrysanthemum-flowers-pakistan","Chrysanthemum Flowers"
"https://flowerbouquet.pk/collections/congratulations-gift-flowers","/collections/mixed-flower-bouquet-pakistan","Mixed Flower Bouquet"
"https://flowerbouquet.pk/collections/congratulations-gift-flowers","/collections/crochet-bouquets","Crochet Bouquets"
"https://flowerbouquet.pk/collections/congratulations-gift-flowers","/collections/chocolate-bouquets","Chocolate Bouquets"
"https://flowerbouquet.pk/collections/congratulations-gift-flowers","/collections/snacks-bouquet","Snacks Bouquets"
"https://flowerbouquet.pk/collections/congratulations-gift-flowers","/collections/flowers-lahore","Flowers To Lahore"
"https://flowerbouquet.pk/collections/congratulations-gift-flowers","/collections/flowers-islamabad","Flowers To Islamabad"
"https://flowerbouquet.pk/collections/congratulations-gift-flowers","/collections/flowers-karachi","Flowers To Karachi"
"https://flowerbouquet.pk/collections/congratulations-gift-flowers","/collections/flowers-faisalabad","Flowers To Faisalabad"
"https://flowerbouquet.pk/collections/congratulations-gift-flowers","/collections/bouquets-cakes","Bouquets &amp; Cakes"
"https://flowerbouquet.pk/collections/congratulations-gift-flowers","/collections/chocolate-bouquets","Bouquets &amp; Chocolates"
"https://flowerbouquet.pk/collections/congratulations-gift-flowers","/collections/flower-combos","All Bundles"
"https://flowerbouquet.pk/collections/congratulations-gift-flowers","/collections/bestseller-cakes","Bestseller Cakes"
"https://flowerbouquet.pk/collections/congratulations-gift-flowers","/collections/signature-cakes","Signature Cakes"
"https://flowerbouquet.pk/collections/congratulations-gift-flowers","/collections/petite-cakes","Bento Cakes"
"https://flowerbouquet.pk/collections/congratulations-gift-flowers","/collections/picture-print-cakes","Picture Print Cakes"
"https://flowerbouquet.pk/collections/congratulations-gift-flowers","/collections/heart-cakes","Heart Cakes"
"https://flowerbouquet.pk/collections/congratulations-gift-flowers","/collections/regular-cakes","Regular Cakes"
"https://flowerbouquet.pk/collections/get-well-soon-gifts-flowers","/policies/terms-of-service","Terms &amp; Conditions"
"https://flowerbouquet.pk/collections/get-well-soon-gifts-flowers","/policies/privacy-policy","Privacy Policy"
"https://flowerbouquet.pk/collections/get-well-soon-gifts-flowers","/","Home"
"https://flowerbouquet.pk/collections/get-well-soon-gifts-flowers","/collections/best-selling-flowers","Best Selling"
"https://flowerbouquet.pk/collections/get-well-soon-gifts-flowers","/collections/anniversary-gifts-flowers","Anniversary Flowers"
"https://flowerbouquet.pk/collections/get-well-soon-gifts-flowers","/collections/birthday-gifts-flowers","Birthday Flowers"
"https://flowerbouquet.pk/collections/get-well-soon-gifts-flowers","/collections/valentines-day-gifts-flowers","Valentine&#39;s Flowers"
"https://flowerbouquet.pk/collections/get-well-soon-gifts-flowers","/collections/christmas-gifts-flowers","Christmas Flowers"
"https://flowerbouquet.pk/collections/get-well-soon-gifts-flowers","/collections/friendship-day-gifts-flowers","Friendship Flower"
"https://flowerbouquet.pk/collections/get-well-soon-gifts-flowers","/collections/graduation-gifts-flowers","Graduation Flowers"
"https://flowerbouquet.pk/collections/get-well-soon-gifts-flowers","/collections/new-year-gifts-flowers","New Year Bliss"
"https://flowerbouquet.pk/collections/get-well-soon-gifts-flowers","/collections/congratulations-gift-flowers","Congratulatory Flowers"
"https://flowerbouquet.pk/collections/get-well-soon-gifts-flowers","/collections/bridal-shower-gifts-flowers","Bridal Shower Flowers"
"https://flowerbouquet.pk/collections/get-well-soon-gifts-flowers","/collections/get-well-soon-gifts-flowers","Get Well Soon Flowers"
"https://flowerbouquet.pk/collections/get-well-soon-gifts-flowers","/collections/mothers-day-gifts-flowers","Mother&#39;s Day"
"https://flowerbouquet.pk/collections/get-well-soon-gifts-flowers","/pages/fathers-day-gifts-and-flowers-in-lahore","Father&#39;s Day"
"https://flowerbouquet.pk/collections/get-well-soon-gifts-flowers","/collections/friendship-day-gifts-flowers","Friendship Day"
"https://flowerbouquet.pk/collections/get-well-soon-gifts-flowers","/collections/teachers-day-gifts-flowers","Teachers Day"
"https://flowerbouquet.pk/collections/get-well-soon-gifts-flowers","/collections/womens-day-gifts-flowers","Women&#39;s Day"
"https://flowerbouquet.pk/collections/get-well-soon-gifts-flowers","/collections/valentines-day-gifts-flowers","Valentine&#39;s day"
"https://flowerbouquet.pk/collections/get-well-soon-gifts-flowers","/collections/get-well-soon-gifts-flowers","Get Well Soon"
"https://flowerbouquet.pk/collections/get-well-soon-gifts-flowers","/collections/im-sorry-gifts-flowers","I&#39;m Sorry"
"https://flowerbouquet.pk/collections/get-well-soon-gifts-flowers","/collections/sympathy-gifts-flowers","Sympathy"
"https://flowerbouquet.pk/collections/get-well-soon-gifts-flowers","/collections/thank-you-gifts-flowers","Thank You"
"https://flowerbouquet.pk/collections/get-well-soon-gifts-flowers","/collections/congratulations-gift-flowers","Congratulations"
"https://flowerbouquet.pk/collections/get-well-soon-gifts-flowers","/collections/christmas-gifts-flowers","Christmas"
"https://flowerbouquet.pk/collections/get-well-soon-gifts-flowers","/collections/eid-gifts-flowers","Ramdan &amp; Eid"
"https://flowerbouquet.pk/collections/get-well-soon-gifts-flowers","/collections/rose-bouquet-pakistan","Red Roses Bouquet"
"https://flowerbouquet.pk/collections/get-well-soon-gifts-flowers","/collections/black-rose-bouquets","Black Rose Bouquets"
"https://flowerbouquet.pk/collections/get-well-soon-gifts-flowers","/collections/white-rose-bouquet-pakistan","White Rose Bouquet"
"https://flowerbouquet.pk/collections/get-well-soon-gifts-flowers","/collections/pink-rose-bouquet-pakistan","Pink Rose Bouquet"
"https://flowerbouquet.pk/collections/get-well-soon-gifts-flowers","/collections/sunflower-bouquet","Sunflower Bouquet"
"https://flowerbouquet.pk/collections/get-well-soon-gifts-flowers","/collections/chrysanthemum-flowers-pakistan","Chrysanthemum Flowers"
"https://flowerbouquet.pk/collections/get-well-soon-gifts-flowers","/collections/mixed-flower-bouquet-pakistan","Mixed Flower Bouquet"
"https://flowerbouquet.pk/collections/get-well-soon-gifts-flowers","/collections/crochet-bouquets","Crochet Bouquets"
"https://flowerbouquet.pk/collections/get-well-soon-gifts-flowers","/collections/chocolate-bouquets","Chocolate Bouquets"
"https://flowerbouquet.pk/collections/get-well-soon-gifts-flowers","/collections/snacks-bouquet","Snacks Bouquets"
"https://flowerbouquet.pk/collections/get-well-soon-gifts-flowers","/collections/flowers-lahore","Flowers To Lahore"
"https://flowerbouquet.pk/collections/get-well-soon-gifts-flowers","/collections/flowers-islamabad","Flowers To Islamabad"
"https://flowerbouquet.pk/collections/get-well-soon-gifts-flowers","/collections/flowers-karachi","Flowers To Karachi"
"https://flowerbouquet.pk/collections/get-well-soon-gifts-flowers","/collections/flowers-faisalabad","Flowers To Faisalabad"
"https://flowerbouquet.pk/collections/get-well-soon-gifts-flowers","/collections/bouquets-cakes","Bouquets &amp; Cakes"
"https://flowerbouquet.pk/collections/get-well-soon-gifts-flowers","/collections/chocolate-bouquets","Bouquets &amp; Chocolates"
"https://flowerbouquet.pk/collections/get-well-soon-gifts-flowers","/collections/flower-combos","All Bundles"
"https://flowerbouquet.pk/collections/get-well-soon-gifts-flowers","/collections/bestseller-cakes","Bestseller Cakes"
"https://flowerbouquet.pk/collections/get-well-soon-gifts-flowers","/collections/signature-cakes","Signature Cakes"
"https://flowerbouquet.pk/collections/get-well-soon-gifts-flowers","/collections/petite-cakes","Bento Cakes"
"https://flowerbouquet.pk/collections/get-well-soon-gifts-flowers","/collections/picture-print-cakes","Picture Print Cakes"
"https://flowerbouquet.pk/collections/get-well-soon-gifts-flowers","/collections/heart-cakes","Heart Cakes"
"https://flowerbouquet.pk/collections/get-well-soon-gifts-flowers","/collections/regular-cakes","Regular Cakes"
"https://flowerbouquet.pk/collections/cakes-chocolates-in-lahore","/policies/terms-of-service","Terms &amp; Conditions"
"https://flowerbouquet.pk/collections/cakes-chocolates-in-lahore","/policies/privacy-policy","Privacy Policy"
"https://flowerbouquet.pk/collections/cakes-chocolates-in-lahore","/","Home"
"https://flowerbouquet.pk/collections/cakes-chocolates-in-lahore","/collections/best-selling-flowers","Best Selling"
"https://flowerbouquet.pk/collections/cakes-chocolates-in-lahore","/collections/anniversary-gifts-flowers","Anniversary Flowers"
"https://flowerbouquet.pk/collections/cakes-chocolates-in-lahore","/collections/birthday-gifts-flowers","Birthday Flowers"
"https://flowerbouquet.pk/collections/cakes-chocolates-in-lahore","/collections/valentines-day-gifts-flowers","Valentine&#39;s Flowers"
"https://flowerbouquet.pk/collections/cakes-chocolates-in-lahore","/collections/christmas-gifts-flowers","Christmas Flowers"
"https://flowerbouquet.pk/collections/cakes-chocolates-in-lahore","/collections/friendship-day-gifts-flowers","Friendship Flower"
"https://flowerbouquet.pk/collections/cakes-chocolates-in-lahore","/collections/graduation-gifts-flowers","Graduation Flowers"
"https://flowerbouquet.pk/collections/cakes-chocolates-in-lahore","/collections/new-year-gifts-flowers","New Year Bliss"
"https://flowerbouquet.pk/collections/cakes-chocolates-in-lahore","/collections/congratulations-gift-flowers","Congratulatory Flowers"
"https://flowerbouquet.pk/collections/cakes-chocolates-in-lahore","/collections/bridal-shower-gifts-flowers","Bridal Shower Flowers"
"https://flowerbouquet.pk/collections/cakes-chocolates-in-lahore","/collections/get-well-soon-gifts-flowers","Get Well Soon Flowers"
"https://flowerbouquet.pk/collections/cakes-chocolates-in-lahore","/collections/mothers-day-gifts-flowers","Mother&#39;s Day"
"https://flowerbouquet.pk/collections/cakes-chocolates-in-lahore","/pages/fathers-day-gifts-and-flowers-in-lahore","Father&#39;s Day"
"https://flowerbouquet.pk/collections/cakes-chocolates-in-lahore","/collections/friendship-day-gifts-flowers","Friendship Day"
"https://flowerbouquet.pk/collections/cakes-chocolates-in-lahore","/collections/teachers-day-gifts-flowers","Teachers Day"
"https://flowerbouquet.pk/collections/cakes-chocolates-in-lahore","/collections/womens-day-gifts-flowers","Women&#39;s Day"
"https://flowerbouquet.pk/collections/cakes-chocolates-in-lahore","/collections/valentines-day-gifts-flowers","Valentine&#39;s day"
"https://flowerbouquet.pk/collections/cakes-chocolates-in-lahore","/collections/get-well-soon-gifts-flowers","Get Well Soon"
"https://flowerbouquet.pk/collections/cakes-chocolates-in-lahore","/collections/im-sorry-gifts-flowers","I&#39;m Sorry"
"https://flowerbouquet.pk/collections/cakes-chocolates-in-lahore","/collections/sympathy-gifts-flowers","Sympathy"
"https://flowerbouquet.pk/collections/cakes-chocolates-in-lahore","/collections/thank-you-gifts-flowers","Thank You"
"https://flowerbouquet.pk/collections/cakes-chocolates-in-lahore","/collections/congratulations-gift-flowers","Congratulations"
"https://flowerbouquet.pk/collections/cakes-chocolates-in-lahore","/collections/christmas-gifts-flowers","Christmas"
"https://flowerbouquet.pk/collections/cakes-chocolates-in-lahore","/collections/eid-gifts-flowers","Ramdan &amp; Eid"
"https://flowerbouquet.pk/collections/cakes-chocolates-in-lahore","/collections/rose-bouquet-pakistan","Red Roses Bouquet"
"https://flowerbouquet.pk/collections/cakes-chocolates-in-lahore","/collections/black-rose-bouquets","Black Rose Bouquets"
"https://flowerbouquet.pk/collections/cakes-chocolates-in-lahore","/collections/white-rose-bouquet-pakistan","White Rose Bouquet"
"https://flowerbouquet.pk/collections/cakes-chocolates-in-lahore","/collections/pink-rose-bouquet-pakistan","Pink Rose Bouquet"
"https://flowerbouquet.pk/collections/cakes-chocolates-in-lahore","/collections/sunflower-bouquet","Sunflower Bouquet"
"https://flowerbouquet.pk/collections/cakes-chocolates-in-lahore","/collections/chrysanthemum-flowers-pakistan","Chrysanthemum Flowers"
"https://flowerbouquet.pk/collections/cakes-chocolates-in-lahore","/collections/mixed-flower-bouquet-pakistan","Mixed Flower Bouquet"
"https://flowerbouquet.pk/collections/cakes-chocolates-in-lahore","/collections/crochet-bouquets","Crochet Bouquets"
"https://flowerbouquet.pk/collections/cakes-chocolates-in-lahore","/collections/chocolate-bouquets","Chocolate Bouquets"
"https://flowerbouquet.pk/collections/cakes-chocolates-in-lahore","/collections/snacks-bouquet","Snacks Bouquets"
"https://flowerbouquet.pk/collections/cakes-chocolates-in-lahore","/collections/flowers-lahore","Flowers To Lahore"
"https://flowerbouquet.pk/collections/cakes-chocolates-in-lahore","/collections/flowers-islamabad","Flowers To Islamabad"
"https://flowerbouquet.pk/collections/cakes-chocolates-in-lahore","/collections/flowers-karachi","Flowers To Karachi"
"https://flowerbouquet.pk/collections/cakes-chocolates-in-lahore","/collections/flowers-faisalabad","Flowers To Faisalabad"
"https://flowerbouquet.pk/collections/cakes-chocolates-in-lahore","/collections/bouquets-cakes","Bouquets &amp; Cakes"
"https://flowerbouquet.pk/collections/cakes-chocolates-in-lahore","/collections/chocolate-bouquets","Bouquets &amp; Chocolates"
"https://flowerbouquet.pk/collections/cakes-chocolates-in-lahore","/collections/flower-combos","All Bundles"
"https://flowerbouquet.pk/collections/cakes-chocolates-in-lahore","/collections/bestseller-cakes","Bestseller Cakes"
"https://flowerbouquet.pk/collections/cakes-chocolates-in-lahore","/collections/signature-cakes","Signature Cakes"
"https://flowerbouquet.pk/collections/cakes-chocolates-in-lahore","/collections/petite-cakes","Bento Cakes"
"https://flowerbouquet.pk/collections/cakes-chocolates-in-lahore","/collections/picture-print-cakes","Picture Print Cakes"
"https://flowerbouquet.pk/collections/cakes-chocolates-in-lahore","/collections/heart-cakes","Heart Cakes"
"https://flowerbouquet.pk/collections/cakes-chocolates-in-lahore","/collections/regular-cakes","Regular Cakes"
"https://flowerbouquet.pk/collections/unique-gift-baskets-for-all-occasions","/policies/terms-of-service","Terms &amp; Conditions"
"https://flowerbouquet.pk/collections/unique-gift-baskets-for-all-occasions","/policies/privacy-policy","Privacy Policy"
"https://flowerbouquet.pk/collections/unique-gift-baskets-for-all-occasions","/","Home"
"https://flowerbouquet.pk/collections/unique-gift-baskets-for-all-occasions","/collections/best-selling-flowers","Best Selling"
"https://flowerbouquet.pk/collections/unique-gift-baskets-for-all-occasions","/collections/anniversary-gifts-flowers","Anniversary Flowers"
"https://flowerbouquet.pk/collections/unique-gift-baskets-for-all-occasions","/collections/birthday-gifts-flowers","Birthday Flowers"
"https://flowerbouquet.pk/collections/unique-gift-baskets-for-all-occasions","/collections/valentines-day-gifts-flowers","Valentine&#39;s Flowers"
"https://flowerbouquet.pk/collections/unique-gift-baskets-for-all-occasions","/collections/christmas-gifts-flowers","Christmas Flowers"
"https://flowerbouquet.pk/collections/unique-gift-baskets-for-all-occasions","/collections/friendship-day-gifts-flowers","Friendship Flower"
"https://flowerbouquet.pk/collections/unique-gift-baskets-for-all-occasions","/collections/graduation-gifts-flowers","Graduation Flowers"
"https://flowerbouquet.pk/collections/unique-gift-baskets-for-all-occasions","/collections/new-year-gifts-flowers","New Year Bliss"
"https://flowerbouquet.pk/collections/unique-gift-baskets-for-all-occasions","/collections/congratulations-gift-flowers","Congratulatory Flowers"
"https://flowerbouquet.pk/collections/unique-gift-baskets-for-all-occasions","/collections/bridal-shower-gifts-flowers","Bridal Shower Flowers"
"https://flowerbouquet.pk/collections/unique-gift-baskets-for-all-occasions","/collections/get-well-soon-gifts-flowers","Get Well Soon Flowers"
"https://flowerbouquet.pk/collections/unique-gift-baskets-for-all-occasions","/collections/mothers-day-gifts-flowers","Mother&#39;s Day"
"https://flowerbouquet.pk/collections/unique-gift-baskets-for-all-occasions","/pages/fathers-day-gifts-and-flowers-in-lahore","Father&#39;s Day"
"https://flowerbouquet.pk/collections/unique-gift-baskets-for-all-occasions","/collections/friendship-day-gifts-flowers","Friendship Day"
"https://flowerbouquet.pk/collections/unique-gift-baskets-for-all-occasions","/collections/teachers-day-gifts-flowers","Teachers Day"
"https://flowerbouquet.pk/collections/unique-gift-baskets-for-all-occasions","/collections/womens-day-gifts-flowers","Women&#39;s Day"
"https://flowerbouquet.pk/collections/unique-gift-baskets-for-all-occasions","/collections/valentines-day-gifts-flowers","Valentine&#39;s day"
"https://flowerbouquet.pk/collections/unique-gift-baskets-for-all-occasions","/collections/get-well-soon-gifts-flowers","Get Well Soon"
"https://flowerbouquet.pk/collections/unique-gift-baskets-for-all-occasions","/collections/im-sorry-gifts-flowers","I&#39;m Sorry"
"https://flowerbouquet.pk/collections/unique-gift-baskets-for-all-occasions","/collections/sympathy-gifts-flowers","Sympathy"
"https://flowerbouquet.pk/collections/unique-gift-baskets-for-all-occasions","/collections/thank-you-gifts-flowers","Thank You"
"https://flowerbouquet.pk/collections/unique-gift-baskets-for-all-occasions","/collections/congratulations-gift-flowers","Congratulations"
"https://flowerbouquet.pk/collections/unique-gift-baskets-for-all-occasions","/collections/christmas-gifts-flowers","Christmas"
"https://flowerbouquet.pk/collections/unique-gift-baskets-for-all-occasions","/collections/eid-gifts-flowers","Ramdan &amp; Eid"
"https://flowerbouquet.pk/collections/unique-gift-baskets-for-all-occasions","/collections/rose-bouquet-pakistan","Red Roses Bouquet"
"https://flowerbouquet.pk/collections/unique-gift-baskets-for-all-occasions","/collections/black-rose-bouquets","Black Rose Bouquets"
"https://flowerbouquet.pk/collections/unique-gift-baskets-for-all-occasions","/collections/white-rose-bouquet-pakistan","White Rose Bouquet"
"https://flowerbouquet.pk/collections/unique-gift-baskets-for-all-occasions","/collections/pink-rose-bouquet-pakistan","Pink Rose Bouquet"
"https://flowerbouquet.pk/collections/unique-gift-baskets-for-all-occasions","/collections/sunflower-bouquet","Sunflower Bouquet"
"https://flowerbouquet.pk/collections/unique-gift-baskets-for-all-occasions","/collections/chrysanthemum-flowers-pakistan","Chrysanthemum Flowers"
"https://flowerbouquet.pk/collections/unique-gift-baskets-for-all-occasions","/collections/mixed-flower-bouquet-pakistan","Mixed Flower Bouquet"
"https://flowerbouquet.pk/collections/unique-gift-baskets-for-all-occasions","/collections/crochet-bouquets","Crochet Bouquets"
"https://flowerbouquet.pk/collections/unique-gift-baskets-for-all-occasions","/collections/chocolate-bouquets","Chocolate Bouquets"
"https://flowerbouquet.pk/collections/unique-gift-baskets-for-all-occasions","/collections/snacks-bouquet","Snacks Bouquets"
"https://flowerbouquet.pk/collections/unique-gift-baskets-for-all-occasions","/collections/flowers-lahore","Flowers To Lahore"
"https://flowerbouquet.pk/collections/unique-gift-baskets-for-all-occasions","/collections/flowers-islamabad","Flowers To Islamabad"
"https://flowerbouquet.pk/collections/unique-gift-baskets-for-all-occasions","/collections/flowers-karachi","Flowers To Karachi"
"https://flowerbouquet.pk/collections/unique-gift-baskets-for-all-occasions","/collections/flowers-faisalabad","Flowers To Faisalabad"
"https://flowerbouquet.pk/collections/unique-gift-baskets-for-all-occasions","/collections/bouquets-cakes","Bouquets &amp; Cakes"
"https://flowerbouquet.pk/collections/unique-gift-baskets-for-all-occasions","/collections/chocolate-bouquets","Bouquets &amp; Chocolates"
"https://flowerbouquet.pk/collections/unique-gift-baskets-for-all-occasions","/collections/flower-combos","All Bundles"
"https://flowerbouquet.pk/collections/unique-gift-baskets-for-all-occasions","/collections/bestseller-cakes","Bestseller Cakes"
"https://flowerbouquet.pk/collections/unique-gift-baskets-for-all-occasions","/collections/signature-cakes","Signature Cakes"
"https://flowerbouquet.pk/collections/unique-gift-baskets-for-all-occasions","/collections/petite-cakes","Bento Cakes"
"https://flowerbouquet.pk/collections/unique-gift-baskets-for-all-occasions","/collections/picture-print-cakes","Picture Print Cakes"
"https://flowerbouquet.pk/collections/unique-gift-baskets-for-all-occasions","/collections/heart-cakes","Heart Cakes"
"https://flowerbouquet.pk/collections/unique-gift-baskets-for-all-occasions","/collections/regular-cakes","Regular Cakes"
"https://flowerbouquet.pk/collections/eid-gifts-flowers","/policies/terms-of-service","Terms &amp; Conditions"
"https://flowerbouquet.pk/collections/eid-gifts-flowers","/policies/privacy-policy","Privacy Policy"
"https://flowerbouquet.pk/collections/eid-gifts-flowers","/","Home"
"https://flowerbouquet.pk/collections/eid-gifts-flowers","/collections/best-selling-flowers","Best Selling"
"https://flowerbouquet.pk/collections/eid-gifts-flowers","/collections/anniversary-gifts-flowers","Anniversary Flowers"
"https://flowerbouquet.pk/collections/eid-gifts-flowers","/collections/birthday-gifts-flowers","Birthday Flowers"
"https://flowerbouquet.pk/collections/eid-gifts-flowers","/collections/valentines-day-gifts-flowers","Valentine&#39;s Flowers"
"https://flowerbouquet.pk/collections/eid-gifts-flowers","/collections/christmas-gifts-flowers","Christmas Flowers"
"https://flowerbouquet.pk/collections/eid-gifts-flowers","/collections/friendship-day-gifts-flowers","Friendship Flower"
"https://flowerbouquet.pk/collections/eid-gifts-flowers","/collections/graduation-gifts-flowers","Graduation Flowers"
"https://flowerbouquet.pk/collections/eid-gifts-flowers","/collections/new-year-gifts-flowers","New Year Bliss"
"https://flowerbouquet.pk/collections/eid-gifts-flowers","/collections/congratulations-gift-flowers","Congratulatory Flowers"
"https://flowerbouquet.pk/collections/eid-gifts-flowers","/collections/bridal-shower-gifts-flowers","Bridal Shower Flowers"
"https://flowerbouquet.pk/collections/eid-gifts-flowers","/collections/get-well-soon-gifts-flowers","Get Well Soon Flowers"
"https://flowerbouquet.pk/collections/eid-gifts-flowers","/collections/mothers-day-gifts-flowers","Mother&#39;s Day"
"https://flowerbouquet.pk/collections/eid-gifts-flowers","/pages/fathers-day-gifts-and-flowers-in-lahore","Father&#39;s Day"
"https://flowerbouquet.pk/collections/eid-gifts-flowers","/collections/friendship-day-gifts-flowers","Friendship Day"
"https://flowerbouquet.pk/collections/eid-gifts-flowers","/collections/teachers-day-gifts-flowers","Teachers Day"
"https://flowerbouquet.pk/collections/eid-gifts-flowers","/collections/womens-day-gifts-flowers","Women&#39;s Day"
"https://flowerbouquet.pk/collections/eid-gifts-flowers","/collections/valentines-day-gifts-flowers","Valentine&#39;s day"
"https://flowerbouquet.pk/collections/eid-gifts-flowers","/collections/get-well-soon-gifts-flowers","Get Well Soon"
"https://flowerbouquet.pk/collections/eid-gifts-flowers","/collections/im-sorry-gifts-flowers","I&#39;m Sorry"
"https://flowerbouquet.pk/collections/eid-gifts-flowers","/collections/sympathy-gifts-flowers","Sympathy"
"https://flowerbouquet.pk/collections/eid-gifts-flowers","/collections/thank-you-gifts-flowers","Thank You"
"https://flowerbouquet.pk/collections/eid-gifts-flowers","/collections/congratulations-gift-flowers","Congratulations"
"https://flowerbouquet.pk/collections/eid-gifts-flowers","/collections/christmas-gifts-flowers","Christmas"
"https://flowerbouquet.pk/collections/eid-gifts-flowers","/collections/eid-gifts-flowers","Ramdan &amp; Eid"
"https://flowerbouquet.pk/collections/eid-gifts-flowers","/collections/rose-bouquet-pakistan","Red Roses Bouquet"
"https://flowerbouquet.pk/collections/eid-gifts-flowers","/collections/black-rose-bouquets","Black Rose Bouquets"
"https://flowerbouquet.pk/collections/eid-gifts-flowers","/collections/white-rose-bouquet-pakistan","White Rose Bouquet"
"https://flowerbouquet.pk/collections/eid-gifts-flowers","/collections/pink-rose-bouquet-pakistan","Pink Rose Bouquet"
"https://flowerbouquet.pk/collections/eid-gifts-flowers","/collections/sunflower-bouquet","Sunflower Bouquet"
"https://flowerbouquet.pk/collections/eid-gifts-flowers","/collections/chrysanthemum-flowers-pakistan","Chrysanthemum Flowers"
"https://flowerbouquet.pk/collections/eid-gifts-flowers","/collections/mixed-flower-bouquet-pakistan","Mixed Flower Bouquet"
"https://flowerbouquet.pk/collections/eid-gifts-flowers","/collections/crochet-bouquets","Crochet Bouquets"
"https://flowerbouquet.pk/collections/eid-gifts-flowers","/collections/chocolate-bouquets","Chocolate Bouquets"
"https://flowerbouquet.pk/collections/eid-gifts-flowers","/collections/snacks-bouquet","Snacks Bouquets"
"https://flowerbouquet.pk/collections/eid-gifts-flowers","/collections/flowers-lahore","Flowers To Lahore"
"https://flowerbouquet.pk/collections/eid-gifts-flowers","/collections/flowers-islamabad","Flowers To Islamabad"
"https://flowerbouquet.pk/collections/eid-gifts-flowers","/collections/flowers-karachi","Flowers To Karachi"
"https://flowerbouquet.pk/collections/eid-gifts-flowers","/collections/flowers-faisalabad","Flowers To Faisalabad"
"https://flowerbouquet.pk/collections/eid-gifts-flowers","/collections/bouquets-cakes","Bouquets &amp; Cakes"
"https://flowerbouquet.pk/collections/eid-gifts-flowers","/collections/chocolate-bouquets","Bouquets &amp; Chocolates"
"https://flowerbouquet.pk/collections/eid-gifts-flowers","/collections/flower-combos","All Bundles"
"https://flowerbouquet.pk/collections/eid-gifts-flowers","/collections/bestseller-cakes","Bestseller Cakes"
"https://flowerbouquet.pk/collections/eid-gifts-flowers","/collections/signature-cakes","Signature Cakes"
"https://flowerbouquet.pk/collections/eid-gifts-flowers","/collections/petite-cakes","Bento Cakes"
"https://flowerbouquet.pk/collections/eid-gifts-flowers","/collections/picture-print-cakes","Picture Print Cakes"
"https://flowerbouquet.pk/collections/eid-gifts-flowers","/collections/heart-cakes","Heart Cakes"
"https://flowerbouquet.pk/collections/eid-gifts-flowers","/collections/regular-cakes","Regular Cakes"
"https://flowerbouquet.pk/collections/crochet-flowers-bouquet","/policies/terms-of-service","Terms &amp; Conditions"
"https://flowerbouquet.pk/collections/crochet-flowers-bouquet","/policies/privacy-policy","Privacy Policy"
"https://flowerbouquet.pk/collections/crochet-flowers-bouquet","/","Home"
"https://flowerbouquet.pk/collections/crochet-flowers-bouquet","/collections/best-selling-flowers","Best Selling"
"https://flowerbouquet.pk/collections/crochet-flowers-bouquet","/collections/anniversary-gifts-flowers","Anniversary Flowers"
"https://flowerbouquet.pk/collections/crochet-flowers-bouquet","/collections/birthday-gifts-flowers","Birthday Flowers"
"https://flowerbouquet.pk/collections/crochet-flowers-bouquet","/collections/valentines-day-gifts-flowers","Valentine&#39;s Flowers"
"https://flowerbouquet.pk/collections/crochet-flowers-bouquet","/collections/christmas-gifts-flowers","Christmas Flowers"
"https://flowerbouquet.pk/collections/crochet-flowers-bouquet","/collections/friendship-day-gifts-flowers","Friendship Flower"
"https://flowerbouquet.pk/collections/crochet-flowers-bouquet","/collections/graduation-gifts-flowers","Graduation Flowers"
"https://flowerbouquet.pk/collections/crochet-flowers-bouquet","/collections/new-year-gifts-flowers","New Year Bliss"
"https://flowerbouquet.pk/collections/crochet-flowers-bouquet","/collections/congratulations-gift-flowers","Congratulatory Flowers"
"https://flowerbouquet.pk/collections/crochet-flowers-bouquet","/collections/bridal-shower-gifts-flowers","Bridal Shower Flowers"
"https://flowerbouquet.pk/collections/crochet-flowers-bouquet","/collections/get-well-soon-gifts-flowers","Get Well Soon Flowers"
"https://flowerbouquet.pk/collections/crochet-flowers-bouquet","/collections/mothers-day-gifts-flowers","Mother&#39;s Day"
"https://flowerbouquet.pk/collections/crochet-flowers-bouquet","/pages/fathers-day-gifts-and-flowers-in-lahore","Father&#39;s Day"
"https://flowerbouquet.pk/collections/crochet-flowers-bouquet","/collections/friendship-day-gifts-flowers","Friendship Day"
"https://flowerbouquet.pk/collections/crochet-flowers-bouquet","/collections/teachers-day-gifts-flowers","Teachers Day"
"https://flowerbouquet.pk/collections/crochet-flowers-bouquet","/collections/womens-day-gifts-flowers","Women&#39;s Day"
"https://flowerbouquet.pk/collections/crochet-flowers-bouquet","/collections/valentines-day-gifts-flowers","Valentine&#39;s day"
"https://flowerbouquet.pk/collections/crochet-flowers-bouquet","/collections/get-well-soon-gifts-flowers","Get Well Soon"
"https://flowerbouquet.pk/collections/crochet-flowers-bouquet","/collections/im-sorry-gifts-flowers","I&#39;m Sorry"
"https://flowerbouquet.pk/collections/crochet-flowers-bouquet","/collections/sympathy-gifts-flowers","Sympathy"
"https://flowerbouquet.pk/collections/crochet-flowers-bouquet","/collections/thank-you-gifts-flowers","Thank You"
"https://flowerbouquet.pk/collections/crochet-flowers-bouquet","/collections/congratulations-gift-flowers","Congratulations"
"https://flowerbouquet.pk/collections/crochet-flowers-bouquet","/collections/christmas-gifts-flowers","Christmas"
"https://flowerbouquet.pk/collections/crochet-flowers-bouquet","/collections/eid-gifts-flowers","Ramdan &amp; Eid"
"https://flowerbouquet.pk/collections/crochet-flowers-bouquet","/collections/rose-bouquet-pakistan","Red Roses Bouquet"
"https://flowerbouquet.pk/collections/crochet-flowers-bouquet","/collections/black-rose-bouquets","Black Rose Bouquets"
"https://flowerbouquet.pk/collections/crochet-flowers-bouquet","/collections/white-rose-bouquet-pakistan","White Rose Bouquet"
"https://flowerbouquet.pk/collections/crochet-flowers-bouquet","/collections/pink-rose-bouquet-pakistan","Pink Rose Bouquet"
"https://flowerbouquet.pk/collections/crochet-flowers-bouquet","/collections/sunflower-bouquet","Sunflower Bouquet"
"https://flowerbouquet.pk/collections/crochet-flowers-bouquet","/collections/chrysanthemum-flowers-pakistan","Chrysanthemum Flowers"
"https://flowerbouquet.pk/collections/crochet-flowers-bouquet","/collections/mixed-flower-bouquet-pakistan","Mixed Flower Bouquet"
"https://flowerbouquet.pk/collections/crochet-flowers-bouquet","/collections/crochet-bouquets","Crochet Bouquets"
"https://flowerbouquet.pk/collections/crochet-flowers-bouquet","/collections/chocolate-bouquets","Chocolate Bouquets"
"https://flowerbouquet.pk/collections/crochet-flowers-bouquet","/collections/snacks-bouquet","Snacks Bouquets"
"https://flowerbouquet.pk/collections/crochet-flowers-bouquet","/collections/flowers-lahore","Flowers To Lahore"
"https://flowerbouquet.pk/collections/crochet-flowers-bouquet","/collections/flowers-islamabad","Flowers To Islamabad"
"https://flowerbouquet.pk/collections/crochet-flowers-bouquet","/collections/flowers-karachi","Flowers To Karachi"
"https://flowerbouquet.pk/collections/crochet-flowers-bouquet","/collections/flowers-faisalabad","Flowers To Faisalabad"
"https://flowerbouquet.pk/collections/crochet-flowers-bouquet","/collections/bouquets-cakes","Bouquets &amp; Cakes"
"https://flowerbouquet.pk/collections/crochet-flowers-bouquet","/collections/chocolate-bouquets","Bouquets &amp; Chocolates"
"https://flowerbouquet.pk/collections/crochet-flowers-bouquet","/collections/flower-combos","All Bundles"
"https://flowerbouquet.pk/collections/crochet-flowers-bouquet","/collections/bestseller-cakes","Bestseller Cakes"
"https://flowerbouquet.pk/collections/crochet-flowers-bouquet","/collections/signature-cakes","Signature Cakes"
"https://flowerbouquet.pk/collections/crochet-flowers-bouquet","/collections/petite-cakes","Bento Cakes"
"https://flowerbouquet.pk/collections/crochet-flowers-bouquet","/collections/picture-print-cakes","Picture Print Cakes"
"https://flowerbouquet.pk/collections/crochet-flowers-bouquet","/collections/heart-cakes","Heart Cakes"
"https://flowerbouquet.pk/collections/crochet-flowers-bouquet","/collections/regular-cakes","Regular Cakes"
"https://flowerbouquet.pk/collections/dry-flower-bouquets","/policies/terms-of-service","Terms &amp; Conditions"
"https://flowerbouquet.pk/collections/dry-flower-bouquets","/policies/privacy-policy","Privacy Policy"
"https://flowerbouquet.pk/collections/dry-flower-bouquets","/","Home"
"https://flowerbouquet.pk/collections/dry-flower-bouquets","/collections/best-selling-flowers","Best Selling"
"https://flowerbouquet.pk/collections/dry-flower-bouquets","/collections/anniversary-gifts-flowers","Anniversary Flowers"
"https://flowerbouquet.pk/collections/dry-flower-bouquets","/collections/birthday-gifts-flowers","Birthday Flowers"
"https://flowerbouquet.pk/collections/dry-flower-bouquets","/collections/valentines-day-gifts-flowers","Valentine&#39;s Flowers"
"https://flowerbouquet.pk/collections/dry-flower-bouquets","/collections/christmas-gifts-flowers","Christmas Flowers"
"https://flowerbouquet.pk/collections/dry-flower-bouquets","/collections/friendship-day-gifts-flowers","Friendship Flower"
"https://flowerbouquet.pk/collections/dry-flower-bouquets","/collections/graduation-gifts-flowers","Graduation Flowers"
"https://flowerbouquet.pk/collections/dry-flower-bouquets","/collections/new-year-gifts-flowers","New Year Bliss"
"https://flowerbouquet.pk/collections/dry-flower-bouquets","/collections/congratulations-gift-flowers","Congratulatory Flowers"
"https://flowerbouquet.pk/collections/dry-flower-bouquets","/collections/bridal-shower-gifts-flowers","Bridal Shower Flowers"
"https://flowerbouquet.pk/collections/dry-flower-bouquets","/collections/get-well-soon-gifts-flowers","Get Well Soon Flowers"
"https://flowerbouquet.pk/collections/dry-flower-bouquets","/collections/mothers-day-gifts-flowers","Mother&#39;s Day"
"https://flowerbouquet.pk/collections/dry-flower-bouquets","/pages/fathers-day-gifts-and-flowers-in-lahore","Father&#39;s Day"
"https://flowerbouquet.pk/collections/dry-flower-bouquets","/collections/friendship-day-gifts-flowers","Friendship Day"
"https://flowerbouquet.pk/collections/dry-flower-bouquets","/collections/teachers-day-gifts-flowers","Teachers Day"
"https://flowerbouquet.pk/collections/dry-flower-bouquets","/collections/womens-day-gifts-flowers","Women&#39;s Day"
"https://flowerbouquet.pk/collections/dry-flower-bouquets","/collections/valentines-day-gifts-flowers","Valentine&#39;s day"
"https://flowerbouquet.pk/collections/dry-flower-bouquets","/collections/get-well-soon-gifts-flowers","Get Well Soon"
"https://flowerbouquet.pk/collections/dry-flower-bouquets","/collections/im-sorry-gifts-flowers","I&#39;m Sorry"
"https://flowerbouquet.pk/collections/dry-flower-bouquets","/collections/sympathy-gifts-flowers","Sympathy"
"https://flowerbouquet.pk/collections/dry-flower-bouquets","/collections/thank-you-gifts-flowers","Thank You"
"https://flowerbouquet.pk/collections/dry-flower-bouquets","/collections/congratulations-gift-flowers","Congratulations"
"https://flowerbouquet.pk/collections/dry-flower-bouquets","/collections/christmas-gifts-flowers","Christmas"
"https://flowerbouquet.pk/collections/dry-flower-bouquets","/collections/eid-gifts-flowers","Ramdan &amp; Eid"
"https://flowerbouquet.pk/collections/dry-flower-bouquets","/collections/rose-bouquet-pakistan","Red Roses Bouquet"
"https://flowerbouquet.pk/collections/dry-flower-bouquets","/collections/black-rose-bouquets","Black Rose Bouquets"
"https://flowerbouquet.pk/collections/dry-flower-bouquets","/collections/white-rose-bouquet-pakistan","White Rose Bouquet"
"https://flowerbouquet.pk/collections/dry-flower-bouquets","/collections/pink-rose-bouquet-pakistan","Pink Rose Bouquet"
"https://flowerbouquet.pk/collections/dry-flower-bouquets","/collections/sunflower-bouquet","Sunflower Bouquet"
"https://flowerbouquet.pk/collections/dry-flower-bouquets","/collections/chrysanthemum-flowers-pakistan","Chrysanthemum Flowers"
"https://flowerbouquet.pk/collections/dry-flower-bouquets","/collections/mixed-flower-bouquet-pakistan","Mixed Flower Bouquet"
"https://flowerbouquet.pk/collections/dry-flower-bouquets","/collections/crochet-bouquets","Crochet Bouquets"
"https://flowerbouquet.pk/collections/dry-flower-bouquets","/collections/chocolate-bouquets","Chocolate Bouquets"
"https://flowerbouquet.pk/collections/dry-flower-bouquets","/collections/snacks-bouquet","Snacks Bouquets"
"https://flowerbouquet.pk/collections/dry-flower-bouquets","/collections/flowers-lahore","Flowers To Lahore"
"https://flowerbouquet.pk/collections/dry-flower-bouquets","/collections/flowers-islamabad","Flowers To Islamabad"
"https://flowerbouquet.pk/collections/dry-flower-bouquets","/collections/flowers-karachi","Flowers To Karachi"
"https://flowerbouquet.pk/collections/dry-flower-bouquets","/collections/flowers-faisalabad","Flowers To Faisalabad"
"https://flowerbouquet.pk/collections/dry-flower-bouquets","/collections/bouquets-cakes","Bouquets &amp; Cakes"
"https://flowerbouquet.pk/collections/dry-flower-bouquets","/collections/chocolate-bouquets","Bouquets &amp; Chocolates"
"https://flowerbouquet.pk/collections/dry-flower-bouquets","/collections/flower-combos","All Bundles"
"https://flowerbouquet.pk/collections/dry-flower-bouquets","/collections/bestseller-cakes","Bestseller Cakes"
"https://flowerbouquet.pk/collections/dry-flower-bouquets","/collections/signature-cakes","Signature Cakes"
"https://flowerbouquet.pk/collections/dry-flower-bouquets","/collections/petite-cakes","Bento Cakes"
"https://flowerbouquet.pk/collections/dry-flower-bouquets","/collections/picture-print-cakes","Picture Print Cakes"
"https://flowerbouquet.pk/collections/dry-flower-bouquets","/collections/heart-cakes","Heart Cakes"
"https://flowerbouquet.pk/collections/dry-flower-bouquets","/collections/regular-cakes","Regular Cakes"
"https://flowerbouquet.pk/products/crimson-heart-a-passionate-red-rose-bouquet-featuring-red-roses-gypso-and-chrysanthemum","/policies/terms-of-service","Terms &amp; Conditions"
"https://flowerbouquet.pk/products/crimson-heart-a-passionate-red-rose-bouquet-featuring-red-roses-gypso-and-chrysanthemum","/policies/privacy-policy","Privacy Policy"
"https://flowerbouquet.pk/products/crimson-heart-a-passionate-red-rose-bouquet-featuring-red-roses-gypso-and-chrysanthemum","/","Home"
"https://flowerbouquet.pk/products/crimson-heart-a-passionate-red-rose-bouquet-featuring-red-roses-gypso-and-chrysanthemum","/collections/best-selling-flowers","Best Selling"
"https://flowerbouquet.pk/products/crimson-heart-a-passionate-red-rose-bouquet-featuring-red-roses-gypso-and-chrysanthemum","/collections/anniversary-gifts-flowers","Anniversary Flowers"
"https://flowerbouquet.pk/products/crimson-heart-a-passionate-red-rose-bouquet-featuring-red-roses-gypso-and-chrysanthemum","/collections/birthday-gifts-flowers","Birthday Flowers"
"https://flowerbouquet.pk/products/crimson-heart-a-passionate-red-rose-bouquet-featuring-red-roses-gypso-and-chrysanthemum","/collections/valentines-day-gifts-flowers","Valentine&#39;s Flowers"
"https://flowerbouquet.pk/products/crimson-heart-a-passionate-red-rose-bouquet-featuring-red-roses-gypso-and-chrysanthemum","/collections/christmas-gifts-flowers","Christmas Flowers"
"https://flowerbouquet.pk/products/crimson-heart-a-passionate-red-rose-bouquet-featuring-red-roses-gypso-and-chrysanthemum","/collections/friendship-day-gifts-flowers","Friendship Flower"
"https://flowerbouquet.pk/products/crimson-heart-a-passionate-red-rose-bouquet-featuring-red-roses-gypso-and-chrysanthemum","/collections/graduation-gifts-flowers","Graduation Flowers"
"https://flowerbouquet.pk/products/crimson-heart-a-passionate-red-rose-bouquet-featuring-red-roses-gypso-and-chrysanthemum","/collections/new-year-gifts-flowers","New Year Bliss"
"https://flowerbouquet.pk/products/crimson-heart-a-passionate-red-rose-bouquet-featuring-red-roses-gypso-and-chrysanthemum","/collections/congratulations-gift-flowers","Congratulatory Flowers"
"https://flowerbouquet.pk/products/crimson-heart-a-passionate-red-rose-bouquet-featuring-red-roses-gypso-and-chrysanthemum","/collections/bridal-shower-gifts-flowers","Bridal Shower Flowers"
"https://flowerbouquet.pk/products/crimson-heart-a-passionate-red-rose-bouquet-featuring-red-roses-gypso-and-chrysanthemum","/collections/get-well-soon-gifts-flowers","Get Well Soon Flowers"
"https://flowerbouquet.pk/products/crimson-heart-a-passionate-red-rose-bouquet-featuring-red-roses-gypso-and-chrysanthemum","/collections/mothers-day-gifts-flowers","Mother&#39;s Day"
"https://flowerbouquet.pk/products/crimson-heart-a-passionate-red-rose-bouquet-featuring-red-roses-gypso-and-chrysanthemum","/pages/fathers-day-gifts-and-flowers-in-lahore","Father&#39;s Day"
"https://flowerbouquet.pk/products/crimson-heart-a-passionate-red-rose-bouquet-featuring-red-roses-gypso-and-chrysanthemum","/collections/friendship-day-gifts-flowers","Friendship Day"
"https://flowerbouquet.pk/products/crimson-heart-a-passionate-red-rose-bouquet-featuring-red-roses-gypso-and-chrysanthemum","/collections/teachers-day-gifts-flowers","Teachers Day"
"https://flowerbouquet.pk/products/crimson-heart-a-passionate-red-rose-bouquet-featuring-red-roses-gypso-and-chrysanthemum","/collections/womens-day-gifts-flowers","Women&#39;s Day"
"https://flowerbouquet.pk/products/crimson-heart-a-passionate-red-rose-bouquet-featuring-red-roses-gypso-and-chrysanthemum","/collections/valentines-day-gifts-flowers","Valentine&#39;s day"
"https://flowerbouquet.pk/products/crimson-heart-a-passionate-red-rose-bouquet-featuring-red-roses-gypso-and-chrysanthemum","/collections/get-well-soon-gifts-flowers","Get Well Soon"
"https://flowerbouquet.pk/products/crimson-heart-a-passionate-red-rose-bouquet-featuring-red-roses-gypso-and-chrysanthemum","/collections/im-sorry-gifts-flowers","I&#39;m Sorry"
"https://flowerbouquet.pk/products/crimson-heart-a-passionate-red-rose-bouquet-featuring-red-roses-gypso-and-chrysanthemum","/collections/sympathy-gifts-flowers","Sympathy"
"https://flowerbouquet.pk/products/crimson-heart-a-passionate-red-rose-bouquet-featuring-red-roses-gypso-and-chrysanthemum","/collections/thank-you-gifts-flowers","Thank You"
"https://flowerbouquet.pk/products/crimson-heart-a-passionate-red-rose-bouquet-featuring-red-roses-gypso-and-chrysanthemum","/collections/congratulations-gift-flowers","Congratulations"
"https://flowerbouquet.pk/products/crimson-heart-a-passionate-red-rose-bouquet-featuring-red-roses-gypso-and-chrysanthemum","/collections/christmas-gifts-flowers","Christmas"
"https://flowerbouquet.pk/products/crimson-heart-a-passionate-red-rose-bouquet-featuring-red-roses-gypso-and-chrysanthemum","/collections/eid-gifts-flowers","Ramdan &amp; Eid"
"https://flowerbouquet.pk/products/crimson-heart-a-passionate-red-rose-bouquet-featuring-red-roses-gypso-and-chrysanthemum","/collections/rose-bouquet-pakistan","Red Roses Bouquet"
"https://flowerbouquet.pk/products/crimson-heart-a-passionate-red-rose-bouquet-featuring-red-roses-gypso-and-chrysanthemum","/collections/black-rose-bouquets","Black Rose Bouquets"
"https://flowerbouquet.pk/products/crimson-heart-a-passionate-red-rose-bouquet-featuring-red-roses-gypso-and-chrysanthemum","/collections/white-rose-bouquet-pakistan","White Rose Bouquet"
"https://flowerbouquet.pk/products/crimson-heart-a-passionate-red-rose-bouquet-featuring-red-roses-gypso-and-chrysanthemum","/collections/pink-rose-bouquet-pakistan","Pink Rose Bouquet"
"https://flowerbouquet.pk/products/crimson-heart-a-passionate-red-rose-bouquet-featuring-red-roses-gypso-and-chrysanthemum","/collections/sunflower-bouquet","Sunflower Bouquet"
"https://flowerbouquet.pk/products/crimson-heart-a-passionate-red-rose-bouquet-featuring-red-roses-gypso-and-chrysanthemum","/collections/chrysanthemum-flowers-pakistan","Chrysanthemum Flowers"
"https://flowerbouquet.pk/products/crimson-heart-a-passionate-red-rose-bouquet-featuring-red-roses-gypso-and-chrysanthemum","/collections/mixed-flower-bouquet-pakistan","Mixed Flower Bouquet"
"https://flowerbouquet.pk/products/crimson-heart-a-passionate-red-rose-bouquet-featuring-red-roses-gypso-and-chrysanthemum","/collections/crochet-bouquets","Crochet Bouquets"
"https://flowerbouquet.pk/products/crimson-heart-a-passionate-red-rose-bouquet-featuring-red-roses-gypso-and-chrysanthemum","/collections/chocolate-bouquets","Chocolate Bouquets"
"https://flowerbouquet.pk/products/crimson-heart-a-passionate-red-rose-bouquet-featuring-red-roses-gypso-and-chrysanthemum","/collections/snacks-bouquet","Snacks Bouquets"
"https://flowerbouquet.pk/products/crimson-heart-a-passionate-red-rose-bouquet-featuring-red-roses-gypso-and-chrysanthemum","/collections/flowers-lahore","Flowers To Lahore"
"https://flowerbouquet.pk/products/crimson-heart-a-passionate-red-rose-bouquet-featuring-red-roses-gypso-and-chrysanthemum","/collections/flowers-islamabad","Flowers To Islamabad"
"https://flowerbouquet.pk/products/crimson-heart-a-passionate-red-rose-bouquet-featuring-red-roses-gypso-and-chrysanthemum","/collections/flowers-karachi","Flowers To Karachi"
"https://flowerbouquet.pk/products/crimson-heart-a-passionate-red-rose-bouquet-featuring-red-roses-gypso-and-chrysanthemum","/collections/flowers-faisalabad","Flowers To Faisalabad"
"https://flowerbouquet.pk/products/crimson-heart-a-passionate-red-rose-bouquet-featuring-red-roses-gypso-and-chrysanthemum","/collections/bouquets-cakes","Bouquets &amp; Cakes"
"https://flowerbouquet.pk/products/crimson-heart-a-passionate-red-rose-bouquet-featuring-red-roses-gypso-and-chrysanthemum","/collections/chocolate-bouquets","Bouquets &amp; Chocolates"
"https://flowerbouquet.pk/products/crimson-heart-a-passionate-red-rose-bouquet-featuring-red-roses-gypso-and-chrysanthemum","/collections/flower-combos","All Bundles"
"https://flowerbouquet.pk/products/crimson-heart-a-passionate-red-rose-bouquet-featuring-red-roses-gypso-and-chrysanthemum","/collections/bestseller-cakes","Bestseller Cakes"
"https://flowerbouquet.pk/products/crimson-heart-a-passionate-red-rose-bouquet-featuring-red-roses-gypso-and-chrysanthemum","/collections/signature-cakes","Signature Cakes"
"https://flowerbouquet.pk/products/crimson-heart-a-passionate-red-rose-bouquet-featuring-red-roses-gypso-and-chrysanthemum","/collections/petite-cakes","Bento Cakes"
"https://flowerbouquet.pk/products/crimson-heart-a-passionate-red-rose-bouquet-featuring-red-roses-gypso-and-chrysanthemum","/collections/picture-print-cakes","Picture Print Cakes"
"https://flowerbouquet.pk/products/crimson-heart-a-passionate-red-rose-bouquet-featuring-red-roses-gypso-and-chrysanthemum","/collections/heart-cakes","Heart Cakes"
"https://flowerbouquet.pk/products/crimson-heart-a-passionate-red-rose-bouquet-featuring-red-roses-gypso-and-chrysanthemum","/collections/regular-cakes","Regular Cakes"
"https://flowerbouquet.pk/products/sunset-charm-sunflowers-chrysanthemum-rose-bouquet","/policies/terms-of-service","Terms &amp; Conditions"
"https://flowerbouquet.pk/products/sunset-charm-sunflowers-chrysanthemum-rose-bouquet","/policies/privacy-policy","Privacy Policy"
"https://flowerbouquet.pk/products/sunset-charm-sunflowers-chrysanthemum-rose-bouquet","/","Home"
"https://flowerbouquet.pk/products/sunset-charm-sunflowers-chrysanthemum-rose-bouquet","/collections/best-selling-flowers","Best Selling"
"https://flowerbouquet.pk/products/sunset-charm-sunflowers-chrysanthemum-rose-bouquet","/collections/anniversary-gifts-flowers","Anniversary Flowers"
"https://flowerbouquet.pk/products/sunset-charm-sunflowers-chrysanthemum-rose-bouquet","/collections/birthday-gifts-flowers","Birthday Flowers"
"https://flowerbouquet.pk/products/sunset-charm-sunflowers-chrysanthemum-rose-bouquet","/collections/valentines-day-gifts-flowers","Valentine&#39;s Flowers"
"https://flowerbouquet.pk/products/sunset-charm-sunflowers-chrysanthemum-rose-bouquet","/collections/christmas-gifts-flowers","Christmas Flowers"
"https://flowerbouquet.pk/products/sunset-charm-sunflowers-chrysanthemum-rose-bouquet","/collections/friendship-day-gifts-flowers","Friendship Flower"
"https://flowerbouquet.pk/products/sunset-charm-sunflowers-chrysanthemum-rose-bouquet","/collections/graduation-gifts-flowers","Graduation Flowers"
"https://flowerbouquet.pk/products/sunset-charm-sunflowers-chrysanthemum-rose-bouquet","/collections/new-year-gifts-flowers","New Year Bliss"
"https://flowerbouquet.pk/products/sunset-charm-sunflowers-chrysanthemum-rose-bouquet","/collections/congratulations-gift-flowers","Congratulatory Flowers"
"https://flowerbouquet.pk/products/sunset-charm-sunflowers-chrysanthemum-rose-bouquet","/collections/bridal-shower-gifts-flowers","Bridal Shower Flowers"
"https://flowerbouquet.pk/products/sunset-charm-sunflowers-chrysanthemum-rose-bouquet","/collections/get-well-soon-gifts-flowers","Get Well Soon Flowers"
"https://flowerbouquet.pk/products/sunset-charm-sunflowers-chrysanthemum-rose-bouquet","/collections/mothers-day-gifts-flowers","Mother&#39;s Day"
"https://flowerbouquet.pk/products/sunset-charm-sunflowers-chrysanthemum-rose-bouquet","/pages/fathers-day-gifts-and-flowers-in-lahore","Father&#39;s Day"
"https://flowerbouquet.pk/products/sunset-charm-sunflowers-chrysanthemum-rose-bouquet","/collections/friendship-day-gifts-flowers","Friendship Day"
"https://flowerbouquet.pk/products/sunset-charm-sunflowers-chrysanthemum-rose-bouquet","/collections/teachers-day-gifts-flowers","Teachers Day"
"https://flowerbouquet.pk/products/sunset-charm-sunflowers-chrysanthemum-rose-bouquet","/collections/womens-day-gifts-flowers","Women&#39;s Day"
"https://flowerbouquet.pk/products/sunset-charm-sunflowers-chrysanthemum-rose-bouquet","/collections/valentines-day-gifts-flowers","Valentine&#39;s day"
"https://flowerbouquet.pk/products/sunset-charm-sunflowers-chrysanthemum-rose-bouquet","/collections/get-well-soon-gifts-flowers","Get Well Soon"
"https://flowerbouquet.pk/products/sunset-charm-sunflowers-chrysanthemum-rose-bouquet","/collections/im-sorry-gifts-flowers","I&#39;m Sorry"
"https://flowerbouquet.pk/products/sunset-charm-sunflowers-chrysanthemum-rose-bouquet","/collections/sympathy-gifts-flowers","Sympathy"
"https://flowerbouquet.pk/products/sunset-charm-sunflowers-chrysanthemum-rose-bouquet","/collections/thank-you-gifts-flowers","Thank You"
"https://flowerbouquet.pk/products/sunset-charm-sunflowers-chrysanthemum-rose-bouquet","/collections/congratulations-gift-flowers","Congratulations"
"https://flowerbouquet.pk/products/sunset-charm-sunflowers-chrysanthemum-rose-bouquet","/collections/christmas-gifts-flowers","Christmas"
"https://flowerbouquet.pk/products/sunset-charm-sunflowers-chrysanthemum-rose-bouquet","/collections/eid-gifts-flowers","Ramdan &amp; Eid"
"https://flowerbouquet.pk/products/sunset-charm-sunflowers-chrysanthemum-rose-bouquet","/collections/rose-bouquet-pakistan","Red Roses Bouquet"
"https://flowerbouquet.pk/products/sunset-charm-sunflowers-chrysanthemum-rose-bouquet","/collections/black-rose-bouquets","Black Rose Bouquets"
"https://flowerbouquet.pk/products/sunset-charm-sunflowers-chrysanthemum-rose-bouquet","/collections/white-rose-bouquet-pakistan","White Rose Bouquet"
"https://flowerbouquet.pk/products/sunset-charm-sunflowers-chrysanthemum-rose-bouquet","/collections/pink-rose-bouquet-pakistan","Pink Rose Bouquet"
"https://flowerbouquet.pk/products/sunset-charm-sunflowers-chrysanthemum-rose-bouquet","/collections/sunflower-bouquet","Sunflower Bouquet"
"https://flowerbouquet.pk/products/sunset-charm-sunflowers-chrysanthemum-rose-bouquet","/collections/chrysanthemum-flowers-pakistan","Chrysanthemum Flowers"
"https://flowerbouquet.pk/products/sunset-charm-sunflowers-chrysanthemum-rose-bouquet","/collections/mixed-flower-bouquet-pakistan","Mixed Flower Bouquet"
"https://flowerbouquet.pk/products/sunset-charm-sunflowers-chrysanthemum-rose-bouquet","/collections/crochet-bouquets","Crochet Bouquets"
"https://flowerbouquet.pk/products/sunset-charm-sunflowers-chrysanthemum-rose-bouquet","/collections/chocolate-bouquets","Chocolate Bouquets"
"https://flowerbouquet.pk/products/sunset-charm-sunflowers-chrysanthemum-rose-bouquet","/collections/snacks-bouquet","Snacks Bouquets"
"https://flowerbouquet.pk/products/sunset-charm-sunflowers-chrysanthemum-rose-bouquet","/collections/flowers-lahore","Flowers To Lahore"
"https://flowerbouquet.pk/products/sunset-charm-sunflowers-chrysanthemum-rose-bouquet","/collections/flowers-islamabad","Flowers To Islamabad"
"https://flowerbouquet.pk/products/sunset-charm-sunflowers-chrysanthemum-rose-bouquet","/collections/flowers-karachi","Flowers To Karachi"
"https://flowerbouquet.pk/products/sunset-charm-sunflowers-chrysanthemum-rose-bouquet","/collections/flowers-faisalabad","Flowers To Faisalabad"
"https://flowerbouquet.pk/products/sunset-charm-sunflowers-chrysanthemum-rose-bouquet","/collections/bouquets-cakes","Bouquets &amp; Cakes"
"https://flowerbouquet.pk/products/sunset-charm-sunflowers-chrysanthemum-rose-bouquet","/collections/chocolate-bouquets","Bouquets &amp; Chocolates"
"https://flowerbouquet.pk/products/sunset-charm-sunflowers-chrysanthemum-rose-bouquet","/collections/flower-combos","All Bundles"
"https://flowerbouquet.pk/products/sunset-charm-sunflowers-chrysanthemum-rose-bouquet","/collections/bestseller-cakes","Bestseller Cakes"
"https://flowerbouquet.pk/products/sunset-charm-sunflowers-chrysanthemum-rose-bouquet","/collections/signature-cakes","Signature Cakes"
"https://flowerbouquet.pk/products/sunset-charm-sunflowers-chrysanthemum-rose-bouquet","/collections/petite-cakes","Bento Cakes"
"https://flowerbouquet.pk/products/sunset-charm-sunflowers-chrysanthemum-rose-bouquet","/collections/picture-print-cakes","Picture Print Cakes"
"https://flowerbouquet.pk/products/sunset-charm-sunflowers-chrysanthemum-rose-bouquet","/collections/heart-cakes","Heart Cakes"
"https://flowerbouquet.pk/products/sunset-charm-sunflowers-chrysanthemum-rose-bouquet","/collections/regular-cakes","Regular Cakes"
"https://flowerbouquet.pk/products/golden-elegance-money-bouquet","/policies/terms-of-service","Terms &amp; Conditions"
"https://flowerbouquet.pk/products/golden-elegance-money-bouquet","/policies/privacy-policy","Privacy Policy"
"https://flowerbouquet.pk/products/golden-elegance-money-bouquet","/","Home"
"https://flowerbouquet.pk/products/golden-elegance-money-bouquet","/collections/best-selling-flowers","Best Selling"
"https://flowerbouquet.pk/products/golden-elegance-money-bouquet","/collections/anniversary-gifts-flowers","Anniversary Flowers"
"https://flowerbouquet.pk/products/golden-elegance-money-bouquet","/collections/birthday-gifts-flowers","Birthday Flowers"
"https://flowerbouquet.pk/products/golden-elegance-money-bouquet","/collections/valentines-day-gifts-flowers","Valentine&#39;s Flowers"
"https://flowerbouquet.pk/products/golden-elegance-money-bouquet","/collections/christmas-gifts-flowers","Christmas Flowers"
"https://flowerbouquet.pk/products/golden-elegance-money-bouquet","/collections/friendship-day-gifts-flowers","Friendship Flower"
"https://flowerbouquet.pk/products/golden-elegance-money-bouquet","/collections/graduation-gifts-flowers","Graduation Flowers"
"https://flowerbouquet.pk/products/golden-elegance-money-bouquet","/collections/new-year-gifts-flowers","New Year Bliss"
"https://flowerbouquet.pk/products/golden-elegance-money-bouquet","/collections/congratulations-gift-flowers","Congratulatory Flowers"
"https://flowerbouquet.pk/products/golden-elegance-money-bouquet","/collections/bridal-shower-gifts-flowers","Bridal Shower Flowers"
"https://flowerbouquet.pk/products/golden-elegance-money-bouquet","/collections/get-well-soon-gifts-flowers","Get Well Soon Flowers"
"https://flowerbouquet.pk/products/golden-elegance-money-bouquet","/collections/mothers-day-gifts-flowers","Mother&#39;s Day"
"https://flowerbouquet.pk/products/golden-elegance-money-bouquet","/pages/fathers-day-gifts-and-flowers-in-lahore","Father&#39;s Day"
"https://flowerbouquet.pk/products/golden-elegance-money-bouquet","/collections/friendship-day-gifts-flowers","Friendship Day"
"https://flowerbouquet.pk/products/golden-elegance-money-bouquet","/collections/teachers-day-gifts-flowers","Teachers Day"
"https://flowerbouquet.pk/products/golden-elegance-money-bouquet","/collections/womens-day-gifts-flowers","Women&#39;s Day"
"https://flowerbouquet.pk/products/golden-elegance-money-bouquet","/collections/valentines-day-gifts-flowers","Valentine&#39;s day"
"https://flowerbouquet.pk/products/golden-elegance-money-bouquet","/collections/get-well-soon-gifts-flowers","Get Well Soon"
"https://flowerbouquet.pk/products/golden-elegance-money-bouquet","/collections/im-sorry-gifts-flowers","I&#39;m Sorry"
"https://flowerbouquet.pk/products/golden-elegance-money-bouquet","/collections/sympathy-gifts-flowers","Sympathy"
"https://flowerbouquet.pk/products/golden-elegance-money-bouquet","/collections/thank-you-gifts-flowers","Thank You"
"https://flowerbouquet.pk/products/golden-elegance-money-bouquet","/collections/congratulations-gift-flowers","Congratulations"
"https://flowerbouquet.pk/products/golden-elegance-money-bouquet","/collections/christmas-gifts-flowers","Christmas"
"https://flowerbouquet.pk/products/golden-elegance-money-bouquet","/collections/eid-gifts-flowers","Ramdan &amp; Eid"
"https://flowerbouquet.pk/products/golden-elegance-money-bouquet","/collections/rose-bouquet-pakistan","Red Roses Bouquet"
"https://flowerbouquet.pk/products/golden-elegance-money-bouquet","/collections/black-rose-bouquets","Black Rose Bouquets"
"https://flowerbouquet.pk/products/golden-elegance-money-bouquet","/collections/white-rose-bouquet-pakistan","White Rose Bouquet"
"https://flowerbouquet.pk/products/golden-elegance-money-bouquet","/collections/pink-rose-bouquet-pakistan","Pink Rose Bouquet"
"https://flowerbouquet.pk/products/golden-elegance-money-bouquet","/collections/sunflower-bouquet","Sunflower Bouquet"
"https://flowerbouquet.pk/products/golden-elegance-money-bouquet","/collections/chrysanthemum-flowers-pakistan","Chrysanthemum Flowers"
"https://flowerbouquet.pk/products/golden-elegance-money-bouquet","/collections/mixed-flower-bouquet-pakistan","Mixed Flower Bouquet"
"https://flowerbouquet.pk/products/golden-elegance-money-bouquet","/collections/crochet-bouquets","Crochet Bouquets"
"https://flowerbouquet.pk/products/golden-elegance-money-bouquet","/collections/chocolate-bouquets","Chocolate Bouquets"
"https://flowerbouquet.pk/products/golden-elegance-money-bouquet","/collections/snacks-bouquet","Snacks Bouquets"
"https://flowerbouquet.pk/products/golden-elegance-money-bouquet","/collections/flowers-lahore","Flowers To Lahore"
"https://flowerbouquet.pk/products/golden-elegance-money-bouquet","/collections/flowers-islamabad","Flowers To Islamabad"
"https://flowerbouquet.pk/products/golden-elegance-money-bouquet","/collections/flowers-karachi","Flowers To Karachi"
"https://flowerbouquet.pk/products/golden-elegance-money-bouquet","/collections/flowers-faisalabad","Flowers To Faisalabad"
"https://flowerbouquet.pk/products/golden-elegance-money-bouquet","/collections/bouquets-cakes","Bouquets &amp; Cakes"
"https://flowerbouquet.pk/products/golden-elegance-money-bouquet","/collections/chocolate-bouquets","Bouquets &amp; Chocolates"
"https://flowerbouquet.pk/products/golden-elegance-money-bouquet","/collections/flower-combos","All Bundles"
"https://flowerbouquet.pk/products/golden-elegance-money-bouquet","/collections/bestseller-cakes","Bestseller Cakes"
"https://flowerbouquet.pk/products/golden-elegance-money-bouquet","/collections/signature-cakes","Signature Cakes"
"https://flowerbouquet.pk/products/golden-elegance-money-bouquet","/collections/petite-cakes","Bento Cakes"
"https://flowerbouquet.pk/products/golden-elegance-money-bouquet","/collections/picture-print-cakes","Picture Print Cakes"
"https://flowerbouquet.pk/products/golden-elegance-money-bouquet","/collections/heart-cakes","Heart Cakes"
"https://flowerbouquet.pk/products/golden-elegance-money-bouquet","/collections/regular-cakes","Regular Cakes"
"https://flowerbouquet.pk/products/sweet-delight-chocolate-bouquet","/policies/terms-of-service","Terms &amp; Conditions"
"https://flowerbouquet.pk/products/sweet-delight-chocolate-bouquet","/policies/privacy-policy","Privacy Policy"
"https://flowerbouquet.pk/products/sweet-delight-chocolate-bouquet","/","Home"
"https://flowerbouquet.pk/products/sweet-delight-chocolate-bouquet","/collections/best-selling-flowers","Best Selling"
"https://flowerbouquet.pk/products/sweet-delight-chocolate-bouquet","/collections/anniversary-gifts-flowers","Anniversary Flowers"
"https://flowerbouquet.pk/products/sweet-delight-chocolate-bouquet","/collections/birthday-gifts-flowers","Birthday Flowers"
"https://flowerbouquet.pk/products/sweet-delight-chocolate-bouquet","/collections/valentines-day-gifts-flowers","Valentine&#39;s Flowers"
"https://flowerbouquet.pk/products/sweet-delight-chocolate-bouquet","/collections/christmas-gifts-flowers","Christmas Flowers"
"https://flowerbouquet.pk/products/sweet-delight-chocolate-bouquet","/collections/friendship-day-gifts-flowers","Friendship Flower"
"https://flowerbouquet.pk/products/sweet-delight-chocolate-bouquet","/collections/graduation-gifts-flowers","Graduation Flowers"
"https://flowerbouquet.pk/products/sweet-delight-chocolate-bouquet","/collections/new-year-gifts-flowers","New Year Bliss"
"https://flowerbouquet.pk/products/sweet-delight-chocolate-bouquet","/collections/congratulations-gift-flowers","Congratulatory Flowers"
"https://flowerbouquet.pk/products/sweet-delight-chocolate-bouquet","/collections/bridal-shower-gifts-flowers","Bridal Shower Flowers"
"https://flowerbouquet.pk/products/sweet-delight-chocolate-bouquet","/collections/get-well-soon-gifts-flowers","Get Well Soon Flowers"
"https://flowerbouquet.pk/products/sweet-delight-chocolate-bouquet","/collections/mothers-day-gifts-flowers","Mother&#39;s Day"
"https://flowerbouquet.pk/products/sweet-delight-chocolate-bouquet","/pages/fathers-day-gifts-and-flowers-in-lahore","Father&#39;s Day"
"https://flowerbouquet.pk/products/sweet-delight-chocolate-bouquet","/collections/friendship-day-gifts-flowers","Friendship Day"
"https://flowerbouquet.pk/products/sweet-delight-chocolate-bouquet","/collections/teachers-day-gifts-flowers","Teachers Day"
"https://flowerbouquet.pk/products/sweet-delight-chocolate-bouquet","/collections/womens-day-gifts-flowers","Women&#39;s Day"
"https://flowerbouquet.pk/products/sweet-delight-chocolate-bouquet","/collections/valentines-day-gifts-flowers","Valentine&#39;s day"
"https://flowerbouquet.pk/products/sweet-delight-chocolate-bouquet","/collections/get-well-soon-gifts-flowers","Get Well Soon"
"https://flowerbouquet.pk/products/sweet-delight-chocolate-bouquet","/collections/im-sorry-gifts-flowers","I&#39;m Sorry"
"https://flowerbouquet.pk/products/sweet-delight-chocolate-bouquet","/collections/sympathy-gifts-flowers","Sympathy"
"https://flowerbouquet.pk/products/sweet-delight-chocolate-bouquet","/collections/thank-you-gifts-flowers","Thank You"
"https://flowerbouquet.pk/products/sweet-delight-chocolate-bouquet","/collections/congratulations-gift-flowers","Congratulations"
"https://flowerbouquet.pk/products/sweet-delight-chocolate-bouquet","/collections/christmas-gifts-flowers","Christmas"
"https://flowerbouquet.pk/products/sweet-delight-chocolate-bouquet","/collections/eid-gifts-flowers","Ramdan &amp; Eid"
"https://flowerbouquet.pk/products/sweet-delight-chocolate-bouquet","/collections/rose-bouquet-pakistan","Red Roses Bouquet"
"https://flowerbouquet.pk/products/sweet-delight-chocolate-bouquet","/collections/black-rose-bouquets","Black Rose Bouquets"
"https://flowerbouquet.pk/products/sweet-delight-chocolate-bouquet","/collections/white-rose-bouquet-pakistan","White Rose Bouquet"
"https://flowerbouquet.pk/products/sweet-delight-chocolate-bouquet","/collections/pink-rose-bouquet-pakistan","Pink Rose Bouquet"
"https://flowerbouquet.pk/products/sweet-delight-chocolate-bouquet","/collections/sunflower-bouquet","Sunflower Bouquet"
"https://flowerbouquet.pk/products/sweet-delight-chocolate-bouquet","/collections/chrysanthemum-flowers-pakistan","Chrysanthemum Flowers"
"https://flowerbouquet.pk/products/sweet-delight-chocolate-bouquet","/collections/mixed-flower-bouquet-pakistan","Mixed Flower Bouquet"
"https://flowerbouquet.pk/products/sweet-delight-chocolate-bouquet","/collections/crochet-bouquets","Crochet Bouquets"
"https://flowerbouquet.pk/products/sweet-delight-chocolate-bouquet","/collections/chocolate-bouquets","Chocolate Bouquets"
"https://flowerbouquet.pk/products/sweet-delight-chocolate-bouquet","/collections/snacks-bouquet","Snacks Bouquets"
"https://flowerbouquet.pk/products/sweet-delight-chocolate-bouquet","/collections/flowers-lahore","Flowers To Lahore"
"https://flowerbouquet.pk/products/sweet-delight-chocolate-bouquet","/collections/flowers-islamabad","Flowers To Islamabad"
"https://flowerbouquet.pk/products/sweet-delight-chocolate-bouquet","/collections/flowers-karachi","Flowers To Karachi"
"https://flowerbouquet.pk/products/sweet-delight-chocolate-bouquet","/collections/flowers-faisalabad","Flowers To Faisalabad"
"https://flowerbouquet.pk/products/sweet-delight-chocolate-bouquet","/collections/bouquets-cakes","Bouquets &amp; Cakes"
"https://flowerbouquet.pk/products/sweet-delight-chocolate-bouquet","/collections/chocolate-bouquets","Bouquets &amp; Chocolates"
"https://flowerbouquet.pk/products/sweet-delight-chocolate-bouquet","/collections/flower-combos","All Bundles"
"https://flowerbouquet.pk/products/sweet-delight-chocolate-bouquet","/collections/bestseller-cakes","Bestseller Cakes"
"https://flowerbouquet.pk/products/sweet-delight-chocolate-bouquet","/collections/signature-cakes","Signature Cakes"
"https://flowerbouquet.pk/products/sweet-delight-chocolate-bouquet","/collections/petite-cakes","Bento Cakes"
"https://flowerbouquet.pk/products/sweet-delight-chocolate-bouquet","/collections/picture-print-cakes","Picture Print Cakes"
"https://flowerbouquet.pk/products/sweet-delight-chocolate-bouquet","/collections/heart-cakes","Heart Cakes"
"https://flowerbouquet.pk/products/sweet-delight-chocolate-bouquet","/collections/regular-cakes","Regular Cakes"
"https://flowerbouquet.pk/products/deluxe-bridal-room-flower-decoration","/policies/terms-of-service","Terms &amp; Conditions"
"https://flowerbouquet.pk/products/deluxe-bridal-room-flower-decoration","/policies/privacy-policy","Privacy Policy"
"https://flowerbouquet.pk/products/deluxe-bridal-room-flower-decoration","/","Home"
"https://flowerbouquet.pk/products/deluxe-bridal-room-flower-decoration","/collections/best-selling-flowers","Best Selling"
"https://flowerbouquet.pk/products/deluxe-bridal-room-flower-decoration","/collections/anniversary-gifts-flowers","Anniversary Flowers"
"https://flowerbouquet.pk/products/deluxe-bridal-room-flower-decoration","/collections/birthday-gifts-flowers","Birthday Flowers"
"https://flowerbouquet.pk/products/deluxe-bridal-room-flower-decoration","/collections/valentines-day-gifts-flowers","Valentine&#39;s Flowers"
"https://flowerbouquet.pk/products/deluxe-bridal-room-flower-decoration","/collections/christmas-gifts-flowers","Christmas Flowers"
"https://flowerbouquet.pk/products/deluxe-bridal-room-flower-decoration","/collections/friendship-day-gifts-flowers","Friendship Flower"
"https://flowerbouquet.pk/products/deluxe-bridal-room-flower-decoration","/collections/graduation-gifts-flowers","Graduation Flowers"
"https://flowerbouquet.pk/products/deluxe-bridal-room-flower-decoration","/collections/new-year-gifts-flowers","New Year Bliss"
"https://flowerbouquet.pk/products/deluxe-bridal-room-flower-decoration","/collections/congratulations-gift-flowers","Congratulatory Flowers"
"https://flowerbouquet.pk/products/deluxe-bridal-room-flower-decoration","/collections/bridal-shower-gifts-flowers","Bridal Shower Flowers"
"https://flowerbouquet.pk/products/deluxe-bridal-room-flower-decoration","/collections/get-well-soon-gifts-flowers","Get Well Soon Flowers"
"https://flowerbouquet.pk/products/deluxe-bridal-room-flower-decoration","/collections/mothers-day-gifts-flowers","Mother&#39;s Day"
"https://flowerbouquet.pk/products/deluxe-bridal-room-flower-decoration","/pages/fathers-day-gifts-and-flowers-in-lahore","Father&#39;s Day"
"https://flowerbouquet.pk/products/deluxe-bridal-room-flower-decoration","/collections/friendship-day-gifts-flowers","Friendship Day"
"https://flowerbouquet.pk/products/deluxe-bridal-room-flower-decoration","/collections/teachers-day-gifts-flowers","Teachers Day"
"https://flowerbouquet.pk/products/deluxe-bridal-room-flower-decoration","/collections/womens-day-gifts-flowers","Women&#39;s Day"
"https://flowerbouquet.pk/products/deluxe-bridal-room-flower-decoration","/collections/valentines-day-gifts-flowers","Valentine&#39;s day"
"https://flowerbouquet.pk/products/deluxe-bridal-room-flower-decoration","/collections/get-well-soon-gifts-flowers","Get Well Soon"
"https://flowerbouquet.pk/products/deluxe-bridal-room-flower-decoration","/collections/im-sorry-gifts-flowers","I&#39;m Sorry"
"https://flowerbouquet.pk/products/deluxe-bridal-room-flower-decoration","/collections/sympathy-gifts-flowers","Sympathy"
"https://flowerbouquet.pk/products/deluxe-bridal-room-flower-decoration","/collections/thank-you-gifts-flowers","Thank You"
"https://flowerbouquet.pk/products/deluxe-bridal-room-flower-decoration","/collections/congratulations-gift-flowers","Congratulations"
"https://flowerbouquet.pk/products/deluxe-bridal-room-flower-decoration","/collections/christmas-gifts-flowers","Christmas"
"https://flowerbouquet.pk/products/deluxe-bridal-room-flower-decoration","/collections/eid-gifts-flowers","Ramdan &amp; Eid"
"https://flowerbouquet.pk/products/deluxe-bridal-room-flower-decoration","/collections/rose-bouquet-pakistan","Red Roses Bouquet"
"https://flowerbouquet.pk/products/deluxe-bridal-room-flower-decoration","/collections/black-rose-bouquets","Black Rose Bouquets"
"https://flowerbouquet.pk/products/deluxe-bridal-room-flower-decoration","/collections/white-rose-bouquet-pakistan","White Rose Bouquet"
"https://flowerbouquet.pk/products/deluxe-bridal-room-flower-decoration","/collections/pink-rose-bouquet-pakistan","Pink Rose Bouquet"
"https://flowerbouquet.pk/products/deluxe-bridal-room-flower-decoration","/collections/sunflower-bouquet","Sunflower Bouquet"
"https://flowerbouquet.pk/products/deluxe-bridal-room-flower-decoration","/collections/chrysanthemum-flowers-pakistan","Chrysanthemum Flowers"
"https://flowerbouquet.pk/products/deluxe-bridal-room-flower-decoration","/collections/mixed-flower-bouquet-pakistan","Mixed Flower Bouquet"
"https://flowerbouquet.pk/products/deluxe-bridal-room-flower-decoration","/collections/crochet-bouquets","Crochet Bouquets"
"https://flowerbouquet.pk/products/deluxe-bridal-room-flower-decoration","/collections/chocolate-bouquets","Chocolate Bouquets"
"https://flowerbouquet.pk/products/deluxe-bridal-room-flower-decoration","/collections/snacks-bouquet","Snacks Bouquets"
"https://flowerbouquet.pk/products/deluxe-bridal-room-flower-decoration","/collections/flowers-lahore","Flowers To Lahore"
"https://flowerbouquet.pk/products/deluxe-bridal-room-flower-decoration","/collections/flowers-islamabad","Flowers To Islamabad"
"https://flowerbouquet.pk/products/deluxe-bridal-room-flower-decoration","/collections/flowers-karachi","Flowers To Karachi"
"https://flowerbouquet.pk/products/deluxe-bridal-room-flower-decoration","/collections/flowers-faisalabad","Flowers To Faisalabad"
"https://flowerbouquet.pk/products/deluxe-bridal-room-flower-decoration","/collections/bouquets-cakes","Bouquets &amp; Cakes"
"https://flowerbouquet.pk/products/deluxe-bridal-room-flower-decoration","/collections/chocolate-bouquets","Bouquets &amp; Chocolates"
"https://flowerbouquet.pk/products/deluxe-bridal-room-flower-decoration","/collections/flower-combos","All Bundles"
"https://flowerbouquet.pk/products/deluxe-bridal-room-flower-decoration","/collections/bestseller-cakes","Bestseller Cakes"
"https://flowerbouquet.pk/products/deluxe-bridal-room-flower-decoration","/collections/signature-cakes","Signature Cakes"
"https://flowerbouquet.pk/products/deluxe-bridal-room-flower-decoration","/collections/petite-cakes","Bento Cakes"
"https://flowerbouquet.pk/products/deluxe-bridal-room-flower-decoration","/collections/picture-print-cakes","Picture Print Cakes"
"https://flowerbouquet.pk/products/deluxe-bridal-room-flower-decoration","/collections/heart-cakes","Heart Cakes"
"https://flowerbouquet.pk/products/deluxe-bridal-room-flower-decoration","/collections/regular-cakes","Regular Cakes"
"https://flowerbouquet.pk/products/fresh-flower-gajray-set","/policies/terms-of-service","Terms &amp; Conditions"
"https://flowerbouquet.pk/products/fresh-flower-gajray-set","/policies/privacy-policy","Privacy Policy"
"https://flowerbouquet.pk/products/fresh-flower-gajray-set","/","Home"
"https://flowerbouquet.pk/products/fresh-flower-gajray-set","/collections/best-selling-flowers","Best Selling"
"https://flowerbouquet.pk/products/fresh-flower-gajray-set","/collections/anniversary-gifts-flowers","Anniversary Flowers"
"https://flowerbouquet.pk/products/fresh-flower-gajray-set","/collections/birthday-gifts-flowers","Birthday Flowers"
"https://flowerbouquet.pk/products/fresh-flower-gajray-set","/collections/valentines-day-gifts-flowers","Valentine&#39;s Flowers"
"https://flowerbouquet.pk/products/fresh-flower-gajray-set","/collections/christmas-gifts-flowers","Christmas Flowers"
"https://flowerbouquet.pk/products/fresh-flower-gajray-set","/collections/friendship-day-gifts-flowers","Friendship Flower"
"https://flowerbouquet.pk/products/fresh-flower-gajray-set","/collections/graduation-gifts-flowers","Graduation Flowers"
"https://flowerbouquet.pk/products/fresh-flower-gajray-set","/collections/new-year-gifts-flowers","New Year Bliss"
"https://flowerbouquet.pk/products/fresh-flower-gajray-set","/collections/congratulations-gift-flowers","Congratulatory Flowers"
"https://flowerbouquet.pk/products/fresh-flower-gajray-set","/collections/bridal-shower-gifts-flowers","Bridal Shower Flowers"
"https://flowerbouquet.pk/products/fresh-flower-gajray-set","/collections/get-well-soon-gifts-flowers","Get Well Soon Flowers"
"https://flowerbouquet.pk/products/fresh-flower-gajray-set","/collections/mothers-day-gifts-flowers","Mother&#39;s Day"
"https://flowerbouquet.pk/products/fresh-flower-gajray-set","/pages/fathers-day-gifts-and-flowers-in-lahore","Father&#39;s Day"
"https://flowerbouquet.pk/products/fresh-flower-gajray-set","/collections/friendship-day-gifts-flowers","Friendship Day"
"https://flowerbouquet.pk/products/fresh-flower-gajray-set","/collections/teachers-day-gifts-flowers","Teachers Day"
"https://flowerbouquet.pk/products/fresh-flower-gajray-set","/collections/womens-day-gifts-flowers","Women&#39;s Day"
"https://flowerbouquet.pk/products/fresh-flower-gajray-set","/collections/valentines-day-gifts-flowers","Valentine&#39;s day"
"https://flowerbouquet.pk/products/fresh-flower-gajray-set","/collections/get-well-soon-gifts-flowers","Get Well Soon"
"https://flowerbouquet.pk/products/fresh-flower-gajray-set","/collections/im-sorry-gifts-flowers","I&#39;m Sorry"
"https://flowerbouquet.pk/products/fresh-flower-gajray-set","/collections/sympathy-gifts-flowers","Sympathy"
"https://flowerbouquet.pk/products/fresh-flower-gajray-set","/collections/thank-you-gifts-flowers","Thank You"
"https://flowerbouquet.pk/products/fresh-flower-gajray-set","/collections/congratulations-gift-flowers","Congratulations"
"https://flowerbouquet.pk/products/fresh-flower-gajray-set","/collections/christmas-gifts-flowers","Christmas"
"https://flowerbouquet.pk/products/fresh-flower-gajray-set","/collections/eid-gifts-flowers","Ramdan &amp; Eid"
"https://flowerbouquet.pk/products/fresh-flower-gajray-set","/collections/rose-bouquet-pakistan","Red Roses Bouquet"
"https://flowerbouquet.pk/products/fresh-flower-gajray-set","/collections/black-rose-bouquets","Black Rose Bouquets"
"https://flowerbouquet.pk/products/fresh-flower-gajray-set","/collections/white-rose-bouquet-pakistan","White Rose Bouquet"
"https://flowerbouquet.pk/products/fresh-flower-gajray-set","/collections/pink-rose-bouquet-pakistan","Pink Rose Bouquet"
"https://flowerbouquet.pk/products/fresh-flower-gajray-set","/collections/sunflower-bouquet","Sunflower Bouquet"
"https://flowerbouquet.pk/products/fresh-flower-gajray-set","/collections/chrysanthemum-flowers-pakistan","Chrysanthemum Flowers"
"https://flowerbouquet.pk/products/fresh-flower-gajray-set","/collections/mixed-flower-bouquet-pakistan","Mixed Flower Bouquet"
"https://flowerbouquet.pk/products/fresh-flower-gajray-set","/collections/crochet-bouquets","Crochet Bouquets"
"https://flowerbouquet.pk/products/fresh-flower-gajray-set","/collections/chocolate-bouquets","Chocolate Bouquets"
"https://flowerbouquet.pk/products/fresh-flower-gajray-set","/collections/snacks-bouquet","Snacks Bouquets"
"https://flowerbouquet.pk/products/fresh-flower-gajray-set","/collections/flowers-lahore","Flowers To Lahore"
"https://flowerbouquet.pk/products/fresh-flower-gajray-set","/collections/flowers-islamabad","Flowers To Islamabad"
"https://flowerbouquet.pk/products/fresh-flower-gajray-set","/collections/flowers-karachi","Flowers To Karachi"
"https://flowerbouquet.pk/products/fresh-flower-gajray-set","/collections/flowers-faisalabad","Flowers To Faisalabad"
"https://flowerbouquet.pk/products/fresh-flower-gajray-set","/collections/bouquets-cakes","Bouquets &amp; Cakes"
"https://flowerbouquet.pk/products/fresh-flower-gajray-set","/collections/chocolate-bouquets","Bouquets &amp; Chocolates"
"https://flowerbouquet.pk/products/fresh-flower-gajray-set","/collections/flower-combos","All Bundles"
"https://flowerbouquet.pk/products/fresh-flower-gajray-set","/collections/bestseller-cakes","Bestseller Cakes"
"https://flowerbouquet.pk/products/fresh-flower-gajray-set","/collections/signature-cakes","Signature Cakes"
"https://flowerbouquet.pk/products/fresh-flower-gajray-set","/collections/petite-cakes","Bento Cakes"
"https://flowerbouquet.pk/products/fresh-flower-gajray-set","/collections/picture-print-cakes","Picture Print Cakes"
"https://flowerbouquet.pk/products/fresh-flower-gajray-set","/collections/heart-cakes","Heart Cakes"
"https://flowerbouquet.pk/products/fresh-flower-gajray-set","/collections/regular-cakes","Regular Cakes"
"https://flowerbouquet.pk/products/elegant-white-rose-harmony-bouquet","/policies/terms-of-service","Terms &amp; Conditions"
"https://flowerbouquet.pk/products/elegant-white-rose-harmony-bouquet","/policies/privacy-policy","Privacy Policy"
"https://flowerbouquet.pk/products/elegant-white-rose-harmony-bouquet","/","Home"
"https://flowerbouquet.pk/products/elegant-white-rose-harmony-bouquet","/collections/best-selling-flowers","Best Selling"
"https://flowerbouquet.pk/products/elegant-white-rose-harmony-bouquet","/collections/anniversary-gifts-flowers","Anniversary Flowers"
"https://flowerbouquet.pk/products/elegant-white-rose-harmony-bouquet","/collections/birthday-gifts-flowers","Birthday Flowers"
"https://flowerbouquet.pk/products/elegant-white-rose-harmony-bouquet","/collections/valentines-day-gifts-flowers","Valentine&#39;s Flowers"
"https://flowerbouquet.pk/products/elegant-white-rose-harmony-bouquet","/collections/christmas-gifts-flowers","Christmas Flowers"
"https://flowerbouquet.pk/products/elegant-white-rose-harmony-bouquet","/collections/friendship-day-gifts-flowers","Friendship Flower"
"https://flowerbouquet.pk/products/elegant-white-rose-harmony-bouquet","/collections/graduation-gifts-flowers","Graduation Flowers"
"https://flowerbouquet.pk/products/elegant-white-rose-harmony-bouquet","/collections/new-year-gifts-flowers","New Year Bliss"
"https://flowerbouquet.pk/products/elegant-white-rose-harmony-bouquet","/collections/congratulations-gift-flowers","Congratulatory Flowers"
"https://flowerbouquet.pk/products/elegant-white-rose-harmony-bouquet","/collections/bridal-shower-gifts-flowers","Bridal Shower Flowers"
"https://flowerbouquet.pk/products/elegant-white-rose-harmony-bouquet","/collections/get-well-soon-gifts-flowers","Get Well Soon Flowers"
"https://flowerbouquet.pk/products/elegant-white-rose-harmony-bouquet","/collections/mothers-day-gifts-flowers","Mother&#39;s Day"
"https://flowerbouquet.pk/products/elegant-white-rose-harmony-bouquet","/pages/fathers-day-gifts-and-flowers-in-lahore","Father&#39;s Day"
"https://flowerbouquet.pk/products/elegant-white-rose-harmony-bouquet","/collections/friendship-day-gifts-flowers","Friendship Day"
"https://flowerbouquet.pk/products/elegant-white-rose-harmony-bouquet","/collections/teachers-day-gifts-flowers","Teachers Day"
"https://flowerbouquet.pk/products/elegant-white-rose-harmony-bouquet","/collections/womens-day-gifts-flowers","Women&#39;s Day"
"https://flowerbouquet.pk/products/elegant-white-rose-harmony-bouquet","/collections/valentines-day-gifts-flowers","Valentine&#39;s day"
"https://flowerbouquet.pk/products/elegant-white-rose-harmony-bouquet","/collections/get-well-soon-gifts-flowers","Get Well Soon"
"https://flowerbouquet.pk/products/elegant-white-rose-harmony-bouquet","/collections/im-sorry-gifts-flowers","I&#39;m Sorry"
"https://flowerbouquet.pk/products/elegant-white-rose-harmony-bouquet","/collections/sympathy-gifts-flowers","Sympathy"
"https://flowerbouquet.pk/products/elegant-white-rose-harmony-bouquet","/collections/thank-you-gifts-flowers","Thank You"
"https://flowerbouquet.pk/products/elegant-white-rose-harmony-bouquet","/collections/congratulations-gift-flowers","Congratulations"
"https://flowerbouquet.pk/products/elegant-white-rose-harmony-bouquet","/collections/christmas-gifts-flowers","Christmas"
"https://flowerbouquet.pk/products/elegant-white-rose-harmony-bouquet","/collections/eid-gifts-flowers","Ramdan &amp; Eid"
"https://flowerbouquet.pk/products/elegant-white-rose-harmony-bouquet","/collections/rose-bouquet-pakistan","Red Roses Bouquet"
"https://flowerbouquet.pk/products/elegant-white-rose-harmony-bouquet","/collections/black-rose-bouquets","Black Rose Bouquets"
"https://flowerbouquet.pk/products/elegant-white-rose-harmony-bouquet","/collections/white-rose-bouquet-pakistan","White Rose Bouquet"
"https://flowerbouquet.pk/products/elegant-white-rose-harmony-bouquet","/collections/pink-rose-bouquet-pakistan","Pink Rose Bouquet"
"https://flowerbouquet.pk/products/elegant-white-rose-harmony-bouquet","/collections/sunflower-bouquet","Sunflower Bouquet"
"https://flowerbouquet.pk/products/elegant-white-rose-harmony-bouquet","/collections/chrysanthemum-flowers-pakistan","Chrysanthemum Flowers"
"https://flowerbouquet.pk/products/elegant-white-rose-harmony-bouquet","/collections/mixed-flower-bouquet-pakistan","Mixed Flower Bouquet"
"https://flowerbouquet.pk/products/elegant-white-rose-harmony-bouquet","/collections/crochet-bouquets","Crochet Bouquets"
"https://flowerbouquet.pk/products/elegant-white-rose-harmony-bouquet","/collections/chocolate-bouquets","Chocolate Bouquets"
"https://flowerbouquet.pk/products/elegant-white-rose-harmony-bouquet","/collections/snacks-bouquet","Snacks Bouquets"
"https://flowerbouquet.pk/products/elegant-white-rose-harmony-bouquet","/collections/flowers-lahore","Flowers To Lahore"
"https://flowerbouquet.pk/products/elegant-white-rose-harmony-bouquet","/collections/flowers-islamabad","Flowers To Islamabad"
"https://flowerbouquet.pk/products/elegant-white-rose-harmony-bouquet","/collections/flowers-karachi","Flowers To Karachi"
"https://flowerbouquet.pk/products/elegant-white-rose-harmony-bouquet","/collections/flowers-faisalabad","Flowers To Faisalabad"
"https://flowerbouquet.pk/products/elegant-white-rose-harmony-bouquet","/collections/bouquets-cakes","Bouquets &amp; Cakes"
"https://flowerbouquet.pk/products/elegant-white-rose-harmony-bouquet","/collections/chocolate-bouquets","Bouquets &amp; Chocolates"
"https://flowerbouquet.pk/products/elegant-white-rose-harmony-bouquet","/collections/flower-combos","All Bundles"
"https://flowerbouquet.pk/products/elegant-white-rose-harmony-bouquet","/collections/bestseller-cakes","Bestseller Cakes"
"https://flowerbouquet.pk/products/elegant-white-rose-harmony-bouquet","/collections/signature-cakes","Signature Cakes"
"https://flowerbouquet.pk/products/elegant-white-rose-harmony-bouquet","/collections/petite-cakes","Bento Cakes"
"https://flowerbouquet.pk/products/elegant-white-rose-harmony-bouquet","/collections/picture-print-cakes","Picture Print Cakes"
"https://flowerbouquet.pk/products/elegant-white-rose-harmony-bouquet","/collections/heart-cakes","Heart Cakes"
"https://flowerbouquet.pk/products/elegant-white-rose-harmony-bouquet","/collections/regular-cakes","Regular Cakes"
"https://flowerbouquet.pk/products/midnight-special-black-wrap-rose-bouquet","/policies/terms-of-service","Terms &amp; Conditions"
"https://flowerbouquet.pk/products/midnight-special-black-wrap-rose-bouquet","/policies/privacy-policy","Privacy Policy"
"https://flowerbouquet.pk/products/midnight-special-black-wrap-rose-bouquet","/","Home"
"https://flowerbouquet.pk/products/midnight-special-black-wrap-rose-bouquet","/collections/best-selling-flowers","Best Selling"
"https://flowerbouquet.pk/products/midnight-special-black-wrap-rose-bouquet","/collections/anniversary-gifts-flowers","Anniversary Flowers"
"https://flowerbouquet.pk/products/midnight-special-black-wrap-rose-bouquet","/collections/birthday-gifts-flowers","Birthday Flowers"
"https://flowerbouquet.pk/products/midnight-special-black-wrap-rose-bouquet","/collections/valentines-day-gifts-flowers","Valentine&#39;s Flowers"
"https://flowerbouquet.pk/products/midnight-special-black-wrap-rose-bouquet","/collections/christmas-gifts-flowers","Christmas Flowers"
"https://flowerbouquet.pk/products/midnight-special-black-wrap-rose-bouquet","/collections/friendship-day-gifts-flowers","Friendship Flower"
"https://flowerbouquet.pk/products/midnight-special-black-wrap-rose-bouquet","/collections/graduation-gifts-flowers","Graduation Flowers"
"https://flowerbouquet.pk/products/midnight-special-black-wrap-rose-bouquet","/collections/new-year-gifts-flowers","New Year Bliss"
"https://flowerbouquet.pk/products/midnight-special-black-wrap-rose-bouquet","/collections/congratulations-gift-flowers","Congratulatory Flowers"
"https://flowerbouquet.pk/products/midnight-special-black-wrap-rose-bouquet","/collections/bridal-shower-gifts-flowers","Bridal Shower Flowers"
"https://flowerbouquet.pk/products/midnight-special-black-wrap-rose-bouquet","/collections/get-well-soon-gifts-flowers","Get Well Soon Flowers"
"https://flowerbouquet.pk/products/midnight-special-black-wrap-rose-bouquet","/collections/mothers-day-gifts-flowers","Mother&#39;s Day"
"https://flowerbouquet.pk/products/midnight-special-black-wrap-rose-bouquet","/pages/fathers-day-gifts-and-flowers-in-lahore","Father&#39;s Day"
"https://flowerbouquet.pk/products/midnight-special-black-wrap-rose-bouquet","/collections/friendship-day-gifts-flowers","Friendship Day"
"https://flowerbouquet.pk/products/midnight-special-black-wrap-rose-bouquet","/collections/teachers-day-gifts-flowers","Teachers Day"
"https://flowerbouquet.pk/products/midnight-special-black-wrap-rose-bouquet","/collections/womens-day-gifts-flowers","Women&#39;s Day"
"https://flowerbouquet.pk/products/midnight-special-black-wrap-rose-bouquet","/collections/valentines-day-gifts-flowers","Valentine&#39;s day"
"https://flowerbouquet.pk/products/midnight-special-black-wrap-rose-bouquet","/collections/get-well-soon-gifts-flowers","Get Well Soon"
"https://flowerbouquet.pk/products/midnight-special-black-wrap-rose-bouquet","/collections/im-sorry-gifts-flowers","I&#39;m Sorry"
"https://flowerbouquet.pk/products/midnight-special-black-wrap-rose-bouquet","/collections/sympathy-gifts-flowers","Sympathy"
"https://flowerbouquet.pk/products/midnight-special-black-wrap-rose-bouquet","/collections/thank-you-gifts-flowers","Thank You"
"https://flowerbouquet.pk/products/midnight-special-black-wrap-rose-bouquet","/collections/congratulations-gift-flowers","Congratulations"
"https://flowerbouquet.pk/products/midnight-special-black-wrap-rose-bouquet","/collections/christmas-gifts-flowers","Christmas"
"https://flowerbouquet.pk/products/midnight-special-black-wrap-rose-bouquet","/collections/eid-gifts-flowers","Ramdan &amp; Eid"
"https://flowerbouquet.pk/products/midnight-special-black-wrap-rose-bouquet","/collections/rose-bouquet-pakistan","Red Roses Bouquet"
"https://flowerbouquet.pk/products/midnight-special-black-wrap-rose-bouquet","/collections/black-rose-bouquets","Black Rose Bouquets"
"https://flowerbouquet.pk/products/midnight-special-black-wrap-rose-bouquet","/collections/white-rose-bouquet-pakistan","White Rose Bouquet"
"https://flowerbouquet.pk/products/midnight-special-black-wrap-rose-bouquet","/collections/pink-rose-bouquet-pakistan","Pink Rose Bouquet"
"https://flowerbouquet.pk/products/midnight-special-black-wrap-rose-bouquet","/collections/sunflower-bouquet","Sunflower Bouquet"
"https://flowerbouquet.pk/products/midnight-special-black-wrap-rose-bouquet","/collections/chrysanthemum-flowers-pakistan","Chrysanthemum Flowers"
"https://flowerbouquet.pk/products/midnight-special-black-wrap-rose-bouquet","/collections/mixed-flower-bouquet-pakistan","Mixed Flower Bouquet"
"https://flowerbouquet.pk/products/midnight-special-black-wrap-rose-bouquet","/collections/crochet-bouquets","Crochet Bouquets"
"https://flowerbouquet.pk/products/midnight-special-black-wrap-rose-bouquet","/collections/chocolate-bouquets","Chocolate Bouquets"
"https://flowerbouquet.pk/products/midnight-special-black-wrap-rose-bouquet","/collections/snacks-bouquet","Snacks Bouquets"
"https://flowerbouquet.pk/products/midnight-special-black-wrap-rose-bouquet","/collections/flowers-lahore","Flowers To Lahore"
"https://flowerbouquet.pk/products/midnight-special-black-wrap-rose-bouquet","/collections/flowers-islamabad","Flowers To Islamabad"
"https://flowerbouquet.pk/products/midnight-special-black-wrap-rose-bouquet","/collections/flowers-karachi","Flowers To Karachi"
"https://flowerbouquet.pk/products/midnight-special-black-wrap-rose-bouquet","/collections/flowers-faisalabad","Flowers To Faisalabad"
"https://flowerbouquet.pk/products/midnight-special-black-wrap-rose-bouquet","/collections/bouquets-cakes","Bouquets &amp; Cakes"
"https://flowerbouquet.pk/products/midnight-special-black-wrap-rose-bouquet","/collections/chocolate-bouquets","Bouquets &amp; Chocolates"
"https://flowerbouquet.pk/products/midnight-special-black-wrap-rose-bouquet","/collections/flower-combos","All Bundles"
"https://flowerbouquet.pk/products/midnight-special-black-wrap-rose-bouquet","/collections/bestseller-cakes","Bestseller Cakes"
"https://flowerbouquet.pk/products/midnight-special-black-wrap-rose-bouquet","/collections/signature-cakes","Signature Cakes"
"https://flowerbouquet.pk/products/midnight-special-black-wrap-rose-bouquet","/collections/petite-cakes","Bento Cakes"
"https://flowerbouquet.pk/products/midnight-special-black-wrap-rose-bouquet","/collections/picture-print-cakes","Picture Print Cakes"
"https://flowerbouquet.pk/products/midnight-special-black-wrap-rose-bouquet","/collections/heart-cakes","Heart Cakes"
"https://flowerbouquet.pk/products/midnight-special-black-wrap-rose-bouquet","/collections/regular-cakes","Regular Cakes"
"https://flowerbouquet.pk/products/luxury-chrysanthemums-and-imported-roses-arrangement","/policies/terms-of-service","Terms &amp; Conditions"
"https://flowerbouquet.pk/products/luxury-chrysanthemums-and-imported-roses-arrangement","/policies/privacy-policy","Privacy Policy"
"https://flowerbouquet.pk/products/luxury-chrysanthemums-and-imported-roses-arrangement","/","Home"
"https://flowerbouquet.pk/products/luxury-chrysanthemums-and-imported-roses-arrangement","/collections/best-selling-flowers","Best Selling"
"https://flowerbouquet.pk/products/luxury-chrysanthemums-and-imported-roses-arrangement","/collections/anniversary-gifts-flowers","Anniversary Flowers"
"https://flowerbouquet.pk/products/luxury-chrysanthemums-and-imported-roses-arrangement","/collections/birthday-gifts-flowers","Birthday Flowers"
"https://flowerbouquet.pk/products/luxury-chrysanthemums-and-imported-roses-arrangement","/collections/valentines-day-gifts-flowers","Valentine&#39;s Flowers"
"https://flowerbouquet.pk/products/luxury-chrysanthemums-and-imported-roses-arrangement","/collections/christmas-gifts-flowers","Christmas Flowers"
"https://flowerbouquet.pk/products/luxury-chrysanthemums-and-imported-roses-arrangement","/collections/friendship-day-gifts-flowers","Friendship Flower"
"https://flowerbouquet.pk/products/luxury-chrysanthemums-and-imported-roses-arrangement","/collections/graduation-gifts-flowers","Graduation Flowers"
"https://flowerbouquet.pk/products/luxury-chrysanthemums-and-imported-roses-arrangement","/collections/new-year-gifts-flowers","New Year Bliss"
"https://flowerbouquet.pk/products/luxury-chrysanthemums-and-imported-roses-arrangement","/collections/congratulations-gift-flowers","Congratulatory Flowers"
"https://flowerbouquet.pk/products/luxury-chrysanthemums-and-imported-roses-arrangement","/collections/bridal-shower-gifts-flowers","Bridal Shower Flowers"
"https://flowerbouquet.pk/products/luxury-chrysanthemums-and-imported-roses-arrangement","/collections/get-well-soon-gifts-flowers","Get Well Soon Flowers"
"https://flowerbouquet.pk/products/luxury-chrysanthemums-and-imported-roses-arrangement","/collections/mothers-day-gifts-flowers","Mother&#39;s Day"
"https://flowerbouquet.pk/products/luxury-chrysanthemums-and-imported-roses-arrangement","/pages/fathers-day-gifts-and-flowers-in-lahore","Father&#39;s Day"
"https://flowerbouquet.pk/products/luxury-chrysanthemums-and-imported-roses-arrangement","/collections/friendship-day-gifts-flowers","Friendship Day"
"https://flowerbouquet.pk/products/luxury-chrysanthemums-and-imported-roses-arrangement","/collections/teachers-day-gifts-flowers","Teachers Day"
"https://flowerbouquet.pk/products/luxury-chrysanthemums-and-imported-roses-arrangement","/collections/womens-day-gifts-flowers","Women&#39;s Day"
"https://flowerbouquet.pk/products/luxury-chrysanthemums-and-imported-roses-arrangement","/collections/valentines-day-gifts-flowers","Valentine&#39;s day"
"https://flowerbouquet.pk/products/luxury-chrysanthemums-and-imported-roses-arrangement","/collections/get-well-soon-gifts-flowers","Get Well Soon"
"https://flowerbouquet.pk/products/luxury-chrysanthemums-and-imported-roses-arrangement","/collections/im-sorry-gifts-flowers","I&#39;m Sorry"
"https://flowerbouquet.pk/products/luxury-chrysanthemums-and-imported-roses-arrangement","/collections/sympathy-gifts-flowers","Sympathy"
"https://flowerbouquet.pk/products/luxury-chrysanthemums-and-imported-roses-arrangement","/collections/thank-you-gifts-flowers","Thank You"
"https://flowerbouquet.pk/products/luxury-chrysanthemums-and-imported-roses-arrangement","/collections/congratulations-gift-flowers","Congratulations"
"https://flowerbouquet.pk/products/luxury-chrysanthemums-and-imported-roses-arrangement","/collections/christmas-gifts-flowers","Christmas"
"https://flowerbouquet.pk/products/luxury-chrysanthemums-and-imported-roses-arrangement","/collections/eid-gifts-flowers","Ramdan &amp; Eid"
"https://flowerbouquet.pk/products/luxury-chrysanthemums-and-imported-roses-arrangement","/collections/rose-bouquet-pakistan","Red Roses Bouquet"
"https://flowerbouquet.pk/products/luxury-chrysanthemums-and-imported-roses-arrangement","/collections/black-rose-bouquets","Black Rose Bouquets"
"https://flowerbouquet.pk/products/luxury-chrysanthemums-and-imported-roses-arrangement","/collections/white-rose-bouquet-pakistan","White Rose Bouquet"
"https://flowerbouquet.pk/products/luxury-chrysanthemums-and-imported-roses-arrangement","/collections/pink-rose-bouquet-pakistan","Pink Rose Bouquet"
"https://flowerbouquet.pk/products/luxury-chrysanthemums-and-imported-roses-arrangement","/collections/sunflower-bouquet","Sunflower Bouquet"
"https://flowerbouquet.pk/products/luxury-chrysanthemums-and-imported-roses-arrangement","/collections/chrysanthemum-flowers-pakistan","Chrysanthemum Flowers"
"https://flowerbouquet.pk/products/luxury-chrysanthemums-and-imported-roses-arrangement","/collections/mixed-flower-bouquet-pakistan","Mixed Flower Bouquet"
"https://flowerbouquet.pk/products/luxury-chrysanthemums-and-imported-roses-arrangement","/collections/crochet-bouquets","Crochet Bouquets"
"https://flowerbouquet.pk/products/luxury-chrysanthemums-and-imported-roses-arrangement","/collections/chocolate-bouquets","Chocolate Bouquets"
"https://flowerbouquet.pk/products/luxury-chrysanthemums-and-imported-roses-arrangement","/collections/snacks-bouquet","Snacks Bouquets"
"https://flowerbouquet.pk/products/luxury-chrysanthemums-and-imported-roses-arrangement","/collections/flowers-lahore","Flowers To Lahore"
"https://flowerbouquet.pk/products/luxury-chrysanthemums-and-imported-roses-arrangement","/collections/flowers-islamabad","Flowers To Islamabad"
"https://flowerbouquet.pk/products/luxury-chrysanthemums-and-imported-roses-arrangement","/collections/flowers-karachi","Flowers To Karachi"
"https://flowerbouquet.pk/products/luxury-chrysanthemums-and-imported-roses-arrangement","/collections/flowers-faisalabad","Flowers To Faisalabad"
"https://flowerbouquet.pk/products/luxury-chrysanthemums-and-imported-roses-arrangement","/collections/bouquets-cakes","Bouquets &amp; Cakes"
"https://flowerbouquet.pk/products/luxury-chrysanthemums-and-imported-roses-arrangement","/collections/chocolate-bouquets","Bouquets &amp; Chocolates"
"https://flowerbouquet.pk/products/luxury-chrysanthemums-and-imported-roses-arrangement","/collections/flower-combos","All Bundles"
"https://flowerbouquet.pk/products/luxury-chrysanthemums-and-imported-roses-arrangement","/collections/bestseller-cakes","Bestseller Cakes"
"https://flowerbouquet.pk/products/luxury-chrysanthemums-and-imported-roses-arrangement","/collections/signature-cakes","Signature Cakes"
"https://flowerbouquet.pk/products/luxury-chrysanthemums-and-imported-roses-arrangement","/collections/petite-cakes","Bento Cakes"
"https://flowerbouquet.pk/products/luxury-chrysanthemums-and-imported-roses-arrangement","/collections/picture-print-cakes","Picture Print Cakes"
"https://flowerbouquet.pk/products/luxury-chrysanthemums-and-imported-roses-arrangement","/collections/heart-cakes","Heart Cakes"
"https://flowerbouquet.pk/products/luxury-chrysanthemums-and-imported-roses-arrangement","/collections/regular-cakes","Regular Cakes"
"https://flowerbouquet.pk/products/handcrafted-crochet-rose-keepsake","/policies/terms-of-service","Terms &amp; Conditions"
"https://flowerbouquet.pk/products/handcrafted-crochet-rose-keepsake","/policies/privacy-policy","Privacy Policy"
"https://flowerbouquet.pk/products/handcrafted-crochet-rose-keepsake","/","Home"
"https://flowerbouquet.pk/products/handcrafted-crochet-rose-keepsake","/collections/best-selling-flowers","Best Selling"
"https://flowerbouquet.pk/products/handcrafted-crochet-rose-keepsake","/collections/anniversary-gifts-flowers","Anniversary Flowers"
"https://flowerbouquet.pk/products/handcrafted-crochet-rose-keepsake","/collections/birthday-gifts-flowers","Birthday Flowers"
"https://flowerbouquet.pk/products/handcrafted-crochet-rose-keepsake","/collections/valentines-day-gifts-flowers","Valentine&#39;s Flowers"
"https://flowerbouquet.pk/products/handcrafted-crochet-rose-keepsake","/collections/christmas-gifts-flowers","Christmas Flowers"
"https://flowerbouquet.pk/products/handcrafted-crochet-rose-keepsake","/collections/friendship-day-gifts-flowers","Friendship Flower"
"https://flowerbouquet.pk/products/handcrafted-crochet-rose-keepsake","/collections/graduation-gifts-flowers","Graduation Flowers"
"https://flowerbouquet.pk/products/handcrafted-crochet-rose-keepsake","/collections/new-year-gifts-flowers","New Year Bliss"
"https://flowerbouquet.pk/products/handcrafted-crochet-rose-keepsake","/collections/congratulations-gift-flowers","Congratulatory Flowers"
"https://flowerbouquet.pk/products/handcrafted-crochet-rose-keepsake","/collections/bridal-shower-gifts-flowers","Bridal Shower Flowers"
"https://flowerbouquet.pk/products/handcrafted-crochet-rose-keepsake","/collections/get-well-soon-gifts-flowers","Get Well Soon Flowers"
"https://flowerbouquet.pk/products/handcrafted-crochet-rose-keepsake","/collections/mothers-day-gifts-flowers","Mother&#39;s Day"
"https://flowerbouquet.pk/products/handcrafted-crochet-rose-keepsake","/pages/fathers-day-gifts-and-flowers-in-lahore","Father&#39;s Day"
"https://flowerbouquet.pk/products/handcrafted-crochet-rose-keepsake","/collections/friendship-day-gifts-flowers","Friendship Day"
"https://flowerbouquet.pk/products/handcrafted-crochet-rose-keepsake","/collections/teachers-day-gifts-flowers","Teachers Day"
"https://flowerbouquet.pk/products/handcrafted-crochet-rose-keepsake","/collections/womens-day-gifts-flowers","Women&#39;s Day"
"https://flowerbouquet.pk/products/handcrafted-crochet-rose-keepsake","/collections/valentines-day-gifts-flowers","Valentine&#39;s day"
"https://flowerbouquet.pk/products/handcrafted-crochet-rose-keepsake","/collections/get-well-soon-gifts-flowers","Get Well Soon"
"https://flowerbouquet.pk/products/handcrafted-crochet-rose-keepsake","/collections/im-sorry-gifts-flowers","I&#39;m Sorry"
"https://flowerbouquet.pk/products/handcrafted-crochet-rose-keepsake","/collections/sympathy-gifts-flowers","Sympathy"
"https://flowerbouquet.pk/products/handcrafted-crochet-rose-keepsake","/collections/thank-you-gifts-flowers","Thank You"
"https://flowerbouquet.pk/products/handcrafted-crochet-rose-keepsake","/collections/congratulations-gift-flowers","Congratulations"
"https://flowerbouquet.pk/products/handcrafted-crochet-rose-keepsake","/collections/christmas-gifts-flowers","Christmas"
"https://flowerbouquet.pk/products/handcrafted-crochet-rose-keepsake","/collections/eid-gifts-flowers","Ramdan &amp; Eid"
"https://flowerbouquet.pk/products/handcrafted-crochet-rose-keepsake","/collections/rose-bouquet-pakistan","Red Roses Bouquet"
"https://flowerbouquet.pk/products/handcrafted-crochet-rose-keepsake","/collections/black-rose-bouquets","Black Rose Bouquets"
"https://flowerbouquet.pk/products/handcrafted-crochet-rose-keepsake","/collections/white-rose-bouquet-pakistan","White Rose Bouquet"
"https://flowerbouquet.pk/products/handcrafted-crochet-rose-keepsake","/collections/pink-rose-bouquet-pakistan","Pink Rose Bouquet"
"https://flowerbouquet.pk/products/handcrafted-crochet-rose-keepsake","/collections/sunflower-bouquet","Sunflower Bouquet"
"https://flowerbouquet.pk/products/handcrafted-crochet-rose-keepsake","/collections/chrysanthemum-flowers-pakistan","Chrysanthemum Flowers"
"https://flowerbouquet.pk/products/handcrafted-crochet-rose-keepsake","/collections/mixed-flower-bouquet-pakistan","Mixed Flower Bouquet"
"https://flowerbouquet.pk/products/handcrafted-crochet-rose-keepsake","/collections/crochet-bouquets","Crochet Bouquets"
"https://flowerbouquet.pk/products/handcrafted-crochet-rose-keepsake","/collections/chocolate-bouquets","Chocolate Bouquets"
"https://flowerbouquet.pk/products/handcrafted-crochet-rose-keepsake","/collections/snacks-bouquet","Snacks Bouquets"
"https://flowerbouquet.pk/products/handcrafted-crochet-rose-keepsake","/collections/flowers-lahore","Flowers To Lahore"
"https://flowerbouquet.pk/products/handcrafted-crochet-rose-keepsake","/collections/flowers-islamabad","Flowers To Islamabad"
"https://flowerbouquet.pk/products/handcrafted-crochet-rose-keepsake","/collections/flowers-karachi","Flowers To Karachi"
"https://flowerbouquet.pk/products/handcrafted-crochet-rose-keepsake","/collections/flowers-faisalabad","Flowers To Faisalabad"
"https://flowerbouquet.pk/products/handcrafted-crochet-rose-keepsake","/collections/bouquets-cakes","Bouquets &amp; Cakes"
"https://flowerbouquet.pk/products/handcrafted-crochet-rose-keepsake","/collections/chocolate-bouquets","Bouquets &amp; Chocolates"
"https://flowerbouquet.pk/products/handcrafted-crochet-rose-keepsake","/collections/flower-combos","All Bundles"
"https://flowerbouquet.pk/products/handcrafted-crochet-rose-keepsake","/collections/bestseller-cakes","Bestseller Cakes"
"https://flowerbouquet.pk/products/handcrafted-crochet-rose-keepsake","/collections/signature-cakes","Signature Cakes"
"https://flowerbouquet.pk/products/handcrafted-crochet-rose-keepsake","/collections/petite-cakes","Bento Cakes"
"https://flowerbouquet.pk/products/handcrafted-crochet-rose-keepsake","/collections/picture-print-cakes","Picture Print Cakes"
"https://flowerbouquet.pk/products/handcrafted-crochet-rose-keepsake","/collections/heart-cakes","Heart Cakes"
"https://flowerbouquet.pk/products/handcrafted-crochet-rose-keepsake","/collections/regular-cakes","Regular Cakes"
"https://flowerbouquet.pk/pages/wedding-decorations-lahore","/policies/terms-of-service","Terms &amp; Conditions"
"https://flowerbouquet.pk/pages/wedding-decorations-lahore","/policies/privacy-policy","Privacy Policy"
"https://flowerbouquet.pk/pages/wedding-decorations-lahore","/","Home"
"https://flowerbouquet.pk/pages/wedding-decorations-lahore","/collections/best-selling-flowers","Best Selling"
"https://flowerbouquet.pk/pages/wedding-decorations-lahore","/collections/anniversary-gifts-flowers","Anniversary Flowers"
"https://flowerbouquet.pk/pages/wedding-decorations-lahore","/collections/birthday-gifts-flowers","Birthday Flowers"
"https://flowerbouquet.pk/pages/wedding-decorations-lahore","/collections/valentines-day-gifts-flowers","Valentine&#39;s Flowers"
"https://flowerbouquet.pk/pages/wedding-decorations-lahore","/collections/christmas-gifts-flowers","Christmas Flowers"
"https://flowerbouquet.pk/pages/wedding-decorations-lahore","/collections/friendship-day-gifts-flowers","Friendship Flower"
"https://flowerbouquet.pk/pages/wedding-decorations-lahore","/collections/graduation-gifts-flowers","Graduation Flowers"
"https://flowerbouquet.pk/pages/wedding-decorations-lahore","/collections/new-year-gifts-flowers","New Year Bliss"
"https://flowerbouquet.pk/pages/wedding-decorations-lahore","/collections/congratulations-gift-flowers","Congratulatory Flowers"
"https://flowerbouquet.pk/pages/wedding-decorations-lahore","/collections/bridal-shower-gifts-flowers","Bridal Shower Flowers"
"https://flowerbouquet.pk/pages/wedding-decorations-lahore","/collections/get-well-soon-gifts-flowers","Get Well Soon Flowers"
"https://flowerbouquet.pk/pages/wedding-decorations-lahore","/collections/mothers-day-gifts-flowers","Mother&#39;s Day"
"https://flowerbouquet.pk/pages/wedding-decorations-lahore","/pages/fathers-day-gifts-and-flowers-in-lahore","Father&#39;s Day"
"https://flowerbouquet.pk/pages/wedding-decorations-lahore","/collections/friendship-day-gifts-flowers","Friendship Day"
"https://flowerbouquet.pk/pages/wedding-decorations-lahore","/collections/teachers-day-gifts-flowers","Teachers Day"
"https://flowerbouquet.pk/pages/wedding-decorations-lahore","/collections/womens-day-gifts-flowers","Women&#39;s Day"
"https://flowerbouquet.pk/pages/wedding-decorations-lahore","/collections/valentines-day-gifts-flowers","Valentine&#39;s day"
"https://flowerbouquet.pk/pages/wedding-decorations-lahore","/collections/get-well-soon-gifts-flowers","Get Well Soon"
"https://flowerbouquet.pk/pages/wedding-decorations-lahore","/collections/im-sorry-gifts-flowers","I&#39;m Sorry"
"https://flowerbouquet.pk/pages/wedding-decorations-lahore","/collections/sympathy-gifts-flowers","Sympathy"
"https://flowerbouquet.pk/pages/wedding-decorations-lahore","/collections/thank-you-gifts-flowers","Thank You"
"https://flowerbouquet.pk/pages/wedding-decorations-lahore","/collections/congratulations-gift-flowers","Congratulations"
"https://flowerbouquet.pk/pages/wedding-decorations-lahore","/collections/christmas-gifts-flowers","Christmas"
"https://flowerbouquet.pk/pages/wedding-decorations-lahore","/collections/eid-gifts-flowers","Ramdan &amp; Eid"
"https://flowerbouquet.pk/pages/wedding-decorations-lahore","/collections/rose-bouquet-pakistan","Red Roses Bouquet"
"https://flowerbouquet.pk/pages/wedding-decorations-lahore","/collections/black-rose-bouquets","Black Rose Bouquets"
"https://flowerbouquet.pk/pages/wedding-decorations-lahore","/collections/white-rose-bouquet-pakistan","White Rose Bouquet"
"https://flowerbouquet.pk/pages/wedding-decorations-lahore","/collections/pink-rose-bouquet-pakistan","Pink Rose Bouquet"
"https://flowerbouquet.pk/pages/wedding-decorations-lahore","/collections/sunflower-bouquet","Sunflower Bouquet"
"https://flowerbouquet.pk/pages/wedding-decorations-lahore","/collections/chrysanthemum-flowers-pakistan","Chrysanthemum Flowers"
"https://flowerbouquet.pk/pages/wedding-decorations-lahore","/collections/mixed-flower-bouquet-pakistan","Mixed Flower Bouquet"
"https://flowerbouquet.pk/pages/wedding-decorations-lahore","/collections/crochet-bouquets","Crochet Bouquets"
"https://flowerbouquet.pk/pages/wedding-decorations-lahore","/collections/chocolate-bouquets","Chocolate Bouquets"
"https://flowerbouquet.pk/pages/wedding-decorations-lahore","/collections/snacks-bouquet","Snacks Bouquets"
"https://flowerbouquet.pk/pages/wedding-decorations-lahore","/collections/flowers-lahore","Flowers To Lahore"
"https://flowerbouquet.pk/pages/wedding-decorations-lahore","/collections/flowers-islamabad","Flowers To Islamabad"
"https://flowerbouquet.pk/pages/wedding-decorations-lahore","/collections/flowers-karachi","Flowers To Karachi"
"https://flowerbouquet.pk/pages/wedding-decorations-lahore","/collections/flowers-faisalabad","Flowers To Faisalabad"
"https://flowerbouquet.pk/pages/wedding-decorations-lahore","/collections/bouquets-cakes","Bouquets &amp; Cakes"
"https://flowerbouquet.pk/pages/wedding-decorations-lahore","/collections/chocolate-bouquets","Bouquets &amp; Chocolates"
"https://flowerbouquet.pk/pages/wedding-decorations-lahore","/collections/flower-combos","All Bundles"
"https://flowerbouquet.pk/pages/wedding-decorations-lahore","/collections/bestseller-cakes","Bestseller Cakes"
"https://flowerbouquet.pk/pages/wedding-decorations-lahore","/collections/signature-cakes","Signature Cakes"
"https://flowerbouquet.pk/pages/wedding-decorations-lahore","/collections/petite-cakes","Bento Cakes"
"https://flowerbouquet.pk/pages/wedding-decorations-lahore","/collections/picture-print-cakes","Picture Print Cakes"
"https://flowerbouquet.pk/pages/wedding-decorations-lahore","/collections/heart-cakes","Heart Cakes"
"https://flowerbouquet.pk/pages/wedding-decorations-lahore","/collections/regular-cakes","Regular Cakes"
"https://flowerbouquet.pk/pages/car-decorations-lahore","/policies/terms-of-service","Terms &amp; Conditions"
"https://flowerbouquet.pk/pages/car-decorations-lahore","/policies/privacy-policy","Privacy Policy"
"https://flowerbouquet.pk/pages/car-decorations-lahore","/","Home"
"https://flowerbouquet.pk/pages/car-decorations-lahore","/collections/best-selling-flowers","Best Selling"
"https://flowerbouquet.pk/pages/car-decorations-lahore","/collections/anniversary-gifts-flowers","Anniversary Flowers"
"https://flowerbouquet.pk/pages/car-decorations-lahore","/collections/birthday-gifts-flowers","Birthday Flowers"
"https://flowerbouquet.pk/pages/car-decorations-lahore","/collections/valentines-day-gifts-flowers","Valentine&#39;s Flowers"
"https://flowerbouquet.pk/pages/car-decorations-lahore","/collections/christmas-gifts-flowers","Christmas Flowers"
"https://flowerbouquet.pk/pages/car-decorations-lahore","/collections/friendship-day-gifts-flowers","Friendship Flower"
"https://flowerbouquet.pk/pages/car-decorations-lahore","/collections/graduation-gifts-flowers","Graduation Flowers"
"https://flowerbouquet.pk/pages/car-decorations-lahore","/collections/new-year-gifts-flowers","New Year Bliss"
"https://flowerbouquet.pk/pages/car-decorations-lahore","/collections/congratulations-gift-flowers","Congratulatory Flowers"
"https://flowerbouquet.pk/pages/car-decorations-lahore","/collections/bridal-shower-gifts-flowers","Bridal Shower Flowers"
"https://flowerbouquet.pk/pages/car-decorations-lahore","/collections/get-well-soon-gifts-flowers","Get Well Soon Flowers"
"https://flowerbouquet.pk/pages/car-decorations-lahore","/collections/mothers-day-gifts-flowers","Mother&#39;s Day"
"https://flowerbouquet.pk/pages/car-decorations-lahore","/pages/fathers-day-gifts-and-flowers-in-lahore","Father&#39;s Day"
"https://flowerbouquet.pk/pages/car-decorations-lahore","/collections/friendship-day-gifts-flowers","Friendship Day"
"https://flowerbouquet.pk/pages/car-decorations-lahore","/collections/teachers-day-gifts-flowers","Teachers Day"
"https://flowerbouquet.pk/pages/car-decorations-lahore","/collections/womens-day-gifts-flowers","Women&#39;s Day"
"https://flowerbouquet.pk/pages/car-decorations-lahore","/collections/valentines-day-gifts-flowers","Valentine&#39;s day"
"https://flowerbouquet.pk/pages/car-decorations-lahore","/collections/get-well-soon-gifts-flowers","Get Well Soon"
"https://flowerbouquet.pk/pages/car-decorations-lahore","/collections/im-sorry-gifts-flowers","I&#39;m Sorry"
"https://flowerbouquet.pk/pages/car-decorations-lahore","/collections/sympathy-gifts-flowers","Sympathy"
"https://flowerbouquet.pk/pages/car-decorations-lahore","/collections/thank-you-gifts-flowers","Thank You"
"https://flowerbouquet.pk/pages/car-decorations-lahore","/collections/congratulations-gift-flowers","Congratulations"
"https://flowerbouquet.pk/pages/car-decorations-lahore","/collections/christmas-gifts-flowers","Christmas"
"https://flowerbouquet.pk/pages/car-decorations-lahore","/collections/eid-gifts-flowers","Ramdan &amp; Eid"
"https://flowerbouquet.pk/pages/car-decorations-lahore","/collections/rose-bouquet-pakistan","Red Roses Bouquet"
"https://flowerbouquet.pk/pages/car-decorations-lahore","/collections/black-rose-bouquets","Black Rose Bouquets"
"https://flowerbouquet.pk/pages/car-decorations-lahore","/collections/white-rose-bouquet-pakistan","White Rose Bouquet"
"https://flowerbouquet.pk/pages/car-decorations-lahore","/collections/pink-rose-bouquet-pakistan","Pink Rose Bouquet"
"https://flowerbouquet.pk/pages/car-decorations-lahore","/collections/sunflower-bouquet","Sunflower Bouquet"
"https://flowerbouquet.pk/pages/car-decorations-lahore","/collections/chrysanthemum-flowers-pakistan","Chrysanthemum Flowers"
"https://flowerbouquet.pk/pages/car-decorations-lahore","/collections/mixed-flower-bouquet-pakistan","Mixed Flower Bouquet"
"https://flowerbouquet.pk/pages/car-decorations-lahore","/collections/crochet-bouquets","Crochet Bouquets"
"https://flowerbouquet.pk/pages/car-decorations-lahore","/collections/chocolate-bouquets","Chocolate Bouquets"
"https://flowerbouquet.pk/pages/car-decorations-lahore","/collections/snacks-bouquet","Snacks Bouquets"
"https://flowerbouquet.pk/pages/car-decorations-lahore","/collections/flowers-lahore","Flowers To Lahore"
"https://flowerbouquet.pk/pages/car-decorations-lahore","/collections/flowers-islamabad","Flowers To Islamabad"
"https://flowerbouquet.pk/pages/car-decorations-lahore","/collections/flowers-karachi","Flowers To Karachi"
"https://flowerbouquet.pk/pages/car-decorations-lahore","/collections/flowers-faisalabad","Flowers To Faisalabad"
"https://flowerbouquet.pk/pages/car-decorations-lahore","/collections/bouquets-cakes","Bouquets &amp; Cakes"
"https://flowerbouquet.pk/pages/car-decorations-lahore","/collections/chocolate-bouquets","Bouquets &amp; Chocolates"
"https://flowerbouquet.pk/pages/car-decorations-lahore","/collections/flower-combos","All Bundles"
"https://flowerbouquet.pk/pages/car-decorations-lahore","/collections/bestseller-cakes","Bestseller Cakes"
"https://flowerbouquet.pk/pages/car-decorations-lahore","/collections/signature-cakes","Signature Cakes"
"https://flowerbouquet.pk/pages/car-decorations-lahore","/collections/petite-cakes","Bento Cakes"
"https://flowerbouquet.pk/pages/car-decorations-lahore","/collections/picture-print-cakes","Picture Print Cakes"
"https://flowerbouquet.pk/pages/car-decorations-lahore","/collections/heart-cakes","Heart Cakes"
"https://flowerbouquet.pk/pages/car-decorations-lahore","/collections/regular-cakes","Regular Cakes"
"https://flowerbouquet.pk/pages/gajray-garlands-mala-haar-lahore","/policies/terms-of-service","Terms &amp; Conditions"
"https://flowerbouquet.pk/pages/gajray-garlands-mala-haar-lahore","/policies/privacy-policy","Privacy Policy"
"https://flowerbouquet.pk/pages/gajray-garlands-mala-haar-lahore","/","Home"
"https://flowerbouquet.pk/pages/gajray-garlands-mala-haar-lahore","/collections/best-selling-flowers","Best Selling"
"https://flowerbouquet.pk/pages/gajray-garlands-mala-haar-lahore","/collections/anniversary-gifts-flowers","Anniversary Flowers"
"https://flowerbouquet.pk/pages/gajray-garlands-mala-haar-lahore","/collections/birthday-gifts-flowers","Birthday Flowers"
"https://flowerbouquet.pk/pages/gajray-garlands-mala-haar-lahore","/collections/valentines-day-gifts-flowers","Valentine&#39;s Flowers"
"https://flowerbouquet.pk/pages/gajray-garlands-mala-haar-lahore","/collections/christmas-gifts-flowers","Christmas Flowers"
"https://flowerbouquet.pk/pages/gajray-garlands-mala-haar-lahore","/collections/friendship-day-gifts-flowers","Friendship Flower"
"https://flowerbouquet.pk/pages/gajray-garlands-mala-haar-lahore","/collections/graduation-gifts-flowers","Graduation Flowers"
"https://flowerbouquet.pk/pages/gajray-garlands-mala-haar-lahore","/collections/new-year-gifts-flowers","New Year Bliss"
"https://flowerbouquet.pk/pages/gajray-garlands-mala-haar-lahore","/collections/congratulations-gift-flowers","Congratulatory Flowers"
"https://flowerbouquet.pk/pages/gajray-garlands-mala-haar-lahore","/collections/bridal-shower-gifts-flowers","Bridal Shower Flowers"
"https://flowerbouquet.pk/pages/gajray-garlands-mala-haar-lahore","/collections/get-well-soon-gifts-flowers","Get Well Soon Flowers"
"https://flowerbouquet.pk/pages/gajray-garlands-mala-haar-lahore","/collections/mothers-day-gifts-flowers","Mother&#39;s Day"
"https://flowerbouquet.pk/pages/gajray-garlands-mala-haar-lahore","/pages/fathers-day-gifts-and-flowers-in-lahore","Father&#39;s Day"
"https://flowerbouquet.pk/pages/gajray-garlands-mala-haar-lahore","/collections/friendship-day-gifts-flowers","Friendship Day"
"https://flowerbouquet.pk/pages/gajray-garlands-mala-haar-lahore","/collections/teachers-day-gifts-flowers","Teachers Day"
"https://flowerbouquet.pk/pages/gajray-garlands-mala-haar-lahore","/collections/womens-day-gifts-flowers","Women&#39;s Day"
"https://flowerbouquet.pk/pages/gajray-garlands-mala-haar-lahore","/collections/valentines-day-gifts-flowers","Valentine&#39;s day"
"https://flowerbouquet.pk/pages/gajray-garlands-mala-haar-lahore","/collections/get-well-soon-gifts-flowers","Get Well Soon"
"https://flowerbouquet.pk/pages/gajray-garlands-mala-haar-lahore","/collections/im-sorry-gifts-flowers","I&#39;m Sorry"
"https://flowerbouquet.pk/pages/gajray-garlands-mala-haar-lahore","/collections/sympathy-gifts-flowers","Sympathy"
"https://flowerbouquet.pk/pages/gajray-garlands-mala-haar-lahore","/collections/thank-you-gifts-flowers","Thank You"
"https://flowerbouquet.pk/pages/gajray-garlands-mala-haar-lahore","/collections/congratulations-gift-flowers","Congratulations"
"https://flowerbouquet.pk/pages/gajray-garlands-mala-haar-lahore","/collections/christmas-gifts-flowers","Christmas"
"https://flowerbouquet.pk/pages/gajray-garlands-mala-haar-lahore","/collections/eid-gifts-flowers","Ramdan &amp; Eid"
"https://flowerbouquet.pk/pages/gajray-garlands-mala-haar-lahore","/collections/rose-bouquet-pakistan","Red Roses Bouquet"
"https://flowerbouquet.pk/pages/gajray-garlands-mala-haar-lahore","/collections/black-rose-bouquets","Black Rose Bouquets"
"https://flowerbouquet.pk/pages/gajray-garlands-mala-haar-lahore","/collections/white-rose-bouquet-pakistan","White Rose Bouquet"
"https://flowerbouquet.pk/pages/gajray-garlands-mala-haar-lahore","/collections/pink-rose-bouquet-pakistan","Pink Rose Bouquet"
"https://flowerbouquet.pk/pages/gajray-garlands-mala-haar-lahore","/collections/sunflower-bouquet","Sunflower Bouquet"
"https://flowerbouquet.pk/pages/gajray-garlands-mala-haar-lahore","/collections/chrysanthemum-flowers-pakistan","Chrysanthemum Flowers"
"https://flowerbouquet.pk/pages/gajray-garlands-mala-haar-lahore","/collections/mixed-flower-bouquet-pakistan","Mixed Flower Bouquet"
"https://flowerbouquet.pk/pages/gajray-garlands-mala-haar-lahore","/collections/crochet-bouquets","Crochet Bouquets"
"https://flowerbouquet.pk/pages/gajray-garlands-mala-haar-lahore","/collections/chocolate-bouquets","Chocolate Bouquets"
"https://flowerbouquet.pk/pages/gajray-garlands-mala-haar-lahore","/collections/snacks-bouquet","Snacks Bouquets"
"https://flowerbouquet.pk/pages/gajray-garlands-mala-haar-lahore","/collections/flowers-lahore","Flowers To Lahore"
"https://flowerbouquet.pk/pages/gajray-garlands-mala-haar-lahore","/collections/flowers-islamabad","Flowers To Islamabad"
"https://flowerbouquet.pk/pages/gajray-garlands-mala-haar-lahore","/collections/flowers-karachi","Flowers To Karachi"
"https://flowerbouquet.pk/pages/gajray-garlands-mala-haar-lahore","/collections/flowers-faisalabad","Flowers To Faisalabad"
"https://flowerbouquet.pk/pages/gajray-garlands-mala-haar-lahore","/collections/bouquets-cakes","Bouquets &amp; Cakes"
"https://flowerbouquet.pk/pages/gajray-garlands-mala-haar-lahore","/collections/chocolate-bouquets","Bouquets &amp; Chocolates"
"https://flowerbouquet.pk/pages/gajray-garlands-mala-haar-lahore","/collections/flower-combos","All Bundles"
"https://flowerbouquet.pk/pages/gajray-garlands-mala-haar-lahore","/collections/bestseller-cakes","Bestseller Cakes"
"https://flowerbouquet.pk/pages/gajray-garlands-mala-haar-lahore","/collections/signature-cakes","Signature Cakes"
"https://flowerbouquet.pk/pages/gajray-garlands-mala-haar-lahore","/collections/petite-cakes","Bento Cakes"
"https://flowerbouquet.pk/pages/gajray-garlands-mala-haar-lahore","/collections/picture-print-cakes","Picture Print Cakes"
"https://flowerbouquet.pk/pages/gajray-garlands-mala-haar-lahore","/collections/heart-cakes","Heart Cakes"
"https://flowerbouquet.pk/pages/gajray-garlands-mala-haar-lahore","/collections/regular-cakes","Regular Cakes"
"https://flowerbouquet.pk/pages/birthday-decoration-services-in-lahore","/policies/terms-of-service","Terms &amp; Conditions"
"https://flowerbouquet.pk/pages/birthday-decoration-services-in-lahore","/policies/privacy-policy","Privacy Policy"
"https://flowerbouquet.pk/pages/birthday-decoration-services-in-lahore","/","Home"
"https://flowerbouquet.pk/pages/birthday-decoration-services-in-lahore","/collections/best-selling-flowers","Best Selling"
"https://flowerbouquet.pk/pages/birthday-decoration-services-in-lahore","/collections/anniversary-gifts-flowers","Anniversary Flowers"
"https://flowerbouquet.pk/pages/birthday-decoration-services-in-lahore","/collections/birthday-gifts-flowers","Birthday Flowers"
"https://flowerbouquet.pk/pages/birthday-decoration-services-in-lahore","/collections/valentines-day-gifts-flowers","Valentine&#39;s Flowers"
"https://flowerbouquet.pk/pages/birthday-decoration-services-in-lahore","/collections/christmas-gifts-flowers","Christmas Flowers"
"https://flowerbouquet.pk/pages/birthday-decoration-services-in-lahore","/collections/friendship-day-gifts-flowers","Friendship Flower"
"https://flowerbouquet.pk/pages/birthday-decoration-services-in-lahore","/collections/graduation-gifts-flowers","Graduation Flowers"
"https://flowerbouquet.pk/pages/birthday-decoration-services-in-lahore","/collections/new-year-gifts-flowers","New Year Bliss"
"https://flowerbouquet.pk/pages/birthday-decoration-services-in-lahore","/collections/congratulations-gift-flowers","Congratulatory Flowers"
"https://flowerbouquet.pk/pages/birthday-decoration-services-in-lahore","/collections/bridal-shower-gifts-flowers","Bridal Shower Flowers"
"https://flowerbouquet.pk/pages/birthday-decoration-services-in-lahore","/collections/get-well-soon-gifts-flowers","Get Well Soon Flowers"
"https://flowerbouquet.pk/pages/birthday-decoration-services-in-lahore","/collections/mothers-day-gifts-flowers","Mother&#39;s Day"
"https://flowerbouquet.pk/pages/birthday-decoration-services-in-lahore","/pages/fathers-day-gifts-and-flowers-in-lahore","Father&#39;s Day"
"https://flowerbouquet.pk/pages/birthday-decoration-services-in-lahore","/collections/friendship-day-gifts-flowers","Friendship Day"
"https://flowerbouquet.pk/pages/birthday-decoration-services-in-lahore","/collections/teachers-day-gifts-flowers","Teachers Day"
"https://flowerbouquet.pk/pages/birthday-decoration-services-in-lahore","/collections/womens-day-gifts-flowers","Women&#39;s Day"
"https://flowerbouquet.pk/pages/birthday-decoration-services-in-lahore","/collections/valentines-day-gifts-flowers","Valentine&#39;s day"
"https://flowerbouquet.pk/pages/birthday-decoration-services-in-lahore","/collections/get-well-soon-gifts-flowers","Get Well Soon"
"https://flowerbouquet.pk/pages/birthday-decoration-services-in-lahore","/collections/im-sorry-gifts-flowers","I&#39;m Sorry"
"https://flowerbouquet.pk/pages/birthday-decoration-services-in-lahore","/collections/sympathy-gifts-flowers","Sympathy"
"https://flowerbouquet.pk/pages/birthday-decoration-services-in-lahore","/collections/thank-you-gifts-flowers","Thank You"
"https://flowerbouquet.pk/pages/birthday-decoration-services-in-lahore","/collections/congratulations-gift-flowers","Congratulations"
"https://flowerbouquet.pk/pages/birthday-decoration-services-in-lahore","/collections/christmas-gifts-flowers","Christmas"
"https://flowerbouquet.pk/pages/birthday-decoration-services-in-lahore","/collections/eid-gifts-flowers","Ramdan &amp; Eid"
"https://flowerbouquet.pk/pages/birthday-decoration-services-in-lahore","/collections/rose-bouquet-pakistan","Red Roses Bouquet"
"https://flowerbouquet.pk/pages/birthday-decoration-services-in-lahore","/collections/black-rose-bouquets","Black Rose Bouquets"
"https://flowerbouquet.pk/pages/birthday-decoration-services-in-lahore","/collections/white-rose-bouquet-pakistan","White Rose Bouquet"
"https://flowerbouquet.pk/pages/birthday-decoration-services-in-lahore","/collections/pink-rose-bouquet-pakistan","Pink Rose Bouquet"
"https://flowerbouquet.pk/pages/birthday-decoration-services-in-lahore","/collections/sunflower-bouquet","Sunflower Bouquet"
"https://flowerbouquet.pk/pages/birthday-decoration-services-in-lahore","/collections/chrysanthemum-flowers-pakistan","Chrysanthemum Flowers"
"https://flowerbouquet.pk/pages/birthday-decoration-services-in-lahore","/collections/mixed-flower-bouquet-pakistan","Mixed Flower Bouquet"
"https://flowerbouquet.pk/pages/birthday-decoration-services-in-lahore","/collections/crochet-bouquets","Crochet Bouquets"
"https://flowerbouquet.pk/pages/birthday-decoration-services-in-lahore","/collections/chocolate-bouquets","Chocolate Bouquets"
"https://flowerbouquet.pk/pages/birthday-decoration-services-in-lahore","/collections/snacks-bouquet","Snacks Bouquets"
"https://flowerbouquet.pk/pages/birthday-decoration-services-in-lahore","/collections/flowers-lahore","Flowers To Lahore"
"https://flowerbouquet.pk/pages/birthday-decoration-services-in-lahore","/collections/flowers-islamabad","Flowers To Islamabad"
"https://flowerbouquet.pk/pages/birthday-decoration-services-in-lahore","/collections/flowers-karachi","Flowers To Karachi"
"https://flowerbouquet.pk/pages/birthday-decoration-services-in-lahore","/collections/flowers-faisalabad","Flowers To Faisalabad"
"https://flowerbouquet.pk/pages/birthday-decoration-services-in-lahore","/collections/bouquets-cakes","Bouquets &amp; Cakes"
"https://flowerbouquet.pk/pages/birthday-decoration-services-in-lahore","/collections/chocolate-bouquets","Bouquets &amp; Chocolates"
"https://flowerbouquet.pk/pages/birthday-decoration-services-in-lahore","/collections/flower-combos","All Bundles"
"https://flowerbouquet.pk/pages/birthday-decoration-services-in-lahore","/collections/bestseller-cakes","Bestseller Cakes"
"https://flowerbouquet.pk/pages/birthday-decoration-services-in-lahore","/collections/signature-cakes","Signature Cakes"
"https://flowerbouquet.pk/pages/birthday-decoration-services-in-lahore","/collections/petite-cakes","Bento Cakes"
"https://flowerbouquet.pk/pages/birthday-decoration-services-in-lahore","/collections/picture-print-cakes","Picture Print Cakes"
"https://flowerbouquet.pk/pages/birthday-decoration-services-in-lahore","/collections/heart-cakes","Heart Cakes"
"https://flowerbouquet.pk/pages/birthday-decoration-services-in-lahore","/collections/regular-cakes","Regular Cakes"
"https://flowerbouquet.pk/pages/flowerbouquet-faq","/policies/terms-of-service","Terms &amp; Conditions"
"https://flowerbouquet.pk/pages/flowerbouquet-faq","/policies/privacy-policy","Privacy Policy"
"https://flowerbouquet.pk/pages/flowerbouquet-faq","/","Home"
"https://flowerbouquet.pk/pages/flowerbouquet-faq","/collections/best-selling-flowers","Best Selling"
"https://flowerbouquet.pk/pages/flowerbouquet-faq","/collections/anniversary-gifts-flowers","Anniversary Flowers"
"https://flowerbouquet.pk/pages/flowerbouquet-faq","/collections/birthday-gifts-flowers","Birthday Flowers"
"https://flowerbouquet.pk/pages/flowerbouquet-faq","/collections/valentines-day-gifts-flowers","Valentine&#39;s Flowers"
"https://flowerbouquet.pk/pages/flowerbouquet-faq","/collections/christmas-gifts-flowers","Christmas Flowers"
"https://flowerbouquet.pk/pages/flowerbouquet-faq","/collections/friendship-day-gifts-flowers","Friendship Flower"
"https://flowerbouquet.pk/pages/flowerbouquet-faq","/collections/graduation-gifts-flowers","Graduation Flowers"
"https://flowerbouquet.pk/pages/flowerbouquet-faq","/collections/new-year-gifts-flowers","New Year Bliss"
"https://flowerbouquet.pk/pages/flowerbouquet-faq","/collections/congratulations-gift-flowers","Congratulatory Flowers"
"https://flowerbouquet.pk/pages/flowerbouquet-faq","/collections/bridal-shower-gifts-flowers","Bridal Shower Flowers"
"https://flowerbouquet.pk/pages/flowerbouquet-faq","/collections/get-well-soon-gifts-flowers","Get Well Soon Flowers"
"https://flowerbouquet.pk/pages/flowerbouquet-faq","/collections/mothers-day-gifts-flowers","Mother&#39;s Day"
"https://flowerbouquet.pk/pages/flowerbouquet-faq","/pages/fathers-day-gifts-and-flowers-in-lahore","Father&#39;s Day"
"https://flowerbouquet.pk/pages/flowerbouquet-faq","/collections/friendship-day-gifts-flowers","Friendship Day"
"https://flowerbouquet.pk/pages/flowerbouquet-faq","/collections/teachers-day-gifts-flowers","Teachers Day"
"https://flowerbouquet.pk/pages/flowerbouquet-faq","/collections/womens-day-gifts-flowers","Women&#39;s Day"
"https://flowerbouquet.pk/pages/flowerbouquet-faq","/collections/valentines-day-gifts-flowers","Valentine&#39;s day"
"https://flowerbouquet.pk/pages/flowerbouquet-faq","/collections/get-well-soon-gifts-flowers","Get Well Soon"
"https://flowerbouquet.pk/pages/flowerbouquet-faq","/collections/im-sorry-gifts-flowers","I&#39;m Sorry"
"https://flowerbouquet.pk/pages/flowerbouquet-faq","/collections/sympathy-gifts-flowers","Sympathy"
"https://flowerbouquet.pk/pages/flowerbouquet-faq","/collections/thank-you-gifts-flowers","Thank You"
"https://flowerbouquet.pk/pages/flowerbouquet-faq","/collections/congratulations-gift-flowers","Congratulations"
"https://flowerbouquet.pk/pages/flowerbouquet-faq","/collections/christmas-gifts-flowers","Christmas"
"https://flowerbouquet.pk/pages/flowerbouquet-faq","/collections/eid-gifts-flowers","Ramdan &amp; Eid"
"https://flowerbouquet.pk/pages/flowerbouquet-faq","/collections/rose-bouquet-pakistan","Red Roses Bouquet"
"https://flowerbouquet.pk/pages/flowerbouquet-faq","/collections/black-rose-bouquets","Black Rose Bouquets"
"https://flowerbouquet.pk/pages/flowerbouquet-faq","/collections/white-rose-bouquet-pakistan","White Rose Bouquet"
"https://flowerbouquet.pk/pages/flowerbouquet-faq","/collections/pink-rose-bouquet-pakistan","Pink Rose Bouquet"
"https://flowerbouquet.pk/pages/flowerbouquet-faq","/collections/sunflower-bouquet","Sunflower Bouquet"
"https://flowerbouquet.pk/pages/flowerbouquet-faq","/collections/chrysanthemum-flowers-pakistan","Chrysanthemum Flowers"
"https://flowerbouquet.pk/pages/flowerbouquet-faq","/collections/mixed-flower-bouquet-pakistan","Mixed Flower Bouquet"
"https://flowerbouquet.pk/pages/flowerbouquet-faq","/collections/crochet-bouquets","Crochet Bouquets"
"https://flowerbouquet.pk/pages/flowerbouquet-faq","/collections/chocolate-bouquets","Chocolate Bouquets"
"https://flowerbouquet.pk/pages/flowerbouquet-faq","/collections/snacks-bouquet","Snacks Bouquets"
"https://flowerbouquet.pk/pages/flowerbouquet-faq","/collections/flowers-lahore","Flowers To Lahore"
"https://flowerbouquet.pk/pages/flowerbouquet-faq","/collections/flowers-islamabad","Flowers To Islamabad"
"https://flowerbouquet.pk/pages/flowerbouquet-faq","/collections/flowers-karachi","Flowers To Karachi"
"https://flowerbouquet.pk/pages/flowerbouquet-faq","/collections/flowers-faisalabad","Flowers To Faisalabad"
"https://flowerbouquet.pk/pages/flowerbouquet-faq","/collections/bouquets-cakes","Bouquets &amp; Cakes"
"https://flowerbouquet.pk/pages/flowerbouquet-faq","/collections/chocolate-bouquets","Bouquets &amp; Chocolates"
"https://flowerbouquet.pk/pages/flowerbouquet-faq","/collections/flower-combos","All Bundles"
"https://flowerbouquet.pk/pages/flowerbouquet-faq","/collections/bestseller-cakes","Bestseller Cakes"
"https://flowerbouquet.pk/pages/flowerbouquet-faq","/collections/signature-cakes","Signature Cakes"
"https://flowerbouquet.pk/pages/flowerbouquet-faq","/collections/petite-cakes","Bento Cakes"
"https://flowerbouquet.pk/pages/flowerbouquet-faq","/collections/picture-print-cakes","Picture Print Cakes"
"https://flowerbouquet.pk/pages/flowerbouquet-faq","/collections/heart-cakes","Heart Cakes"
"https://flowerbouquet.pk/pages/flowerbouquet-faq","/collections/regular-cakes","Regular Cakes"
"https://flowerbouquet.pk/pages/contact-us","/policies/terms-of-service","Terms &amp; Conditions"
"https://flowerbouquet.pk/pages/contact-us","/policies/privacy-policy","Privacy Policy"
"https://flowerbouquet.pk/pages/contact-us","/","Home"
"https://flowerbouquet.pk/pages/contact-us","/collections/best-selling-flowers","Best Selling"
"https://flowerbouquet.pk/pages/contact-us","/collections/anniversary-gifts-flowers","Anniversary Flowers"
"https://flowerbouquet.pk/pages/contact-us","/collections/birthday-gifts-flowers","Birthday Flowers"
"https://flowerbouquet.pk/pages/contact-us","/collections/valentines-day-gifts-flowers","Valentine&#39;s Flowers"
"https://flowerbouquet.pk/pages/contact-us","/collections/christmas-gifts-flowers","Christmas Flowers"
"https://flowerbouquet.pk/pages/contact-us","/collections/friendship-day-gifts-flowers","Friendship Flower"
"https://flowerbouquet.pk/pages/contact-us","/collections/graduation-gifts-flowers","Graduation Flowers"
"https://flowerbouquet.pk/pages/contact-us","/collections/new-year-gifts-flowers","New Year Bliss"
"https://flowerbouquet.pk/pages/contact-us","/collections/congratulations-gift-flowers","Congratulatory Flowers"
"https://flowerbouquet.pk/pages/contact-us","/collections/bridal-shower-gifts-flowers","Bridal Shower Flowers"
"https://flowerbouquet.pk/pages/contact-us","/collections/get-well-soon-gifts-flowers","Get Well Soon Flowers"
"https://flowerbouquet.pk/pages/contact-us","/collections/mothers-day-gifts-flowers","Mother&#39;s Day"
"https://flowerbouquet.pk/pages/contact-us","/pages/fathers-day-gifts-and-flowers-in-lahore","Father&#39;s Day"
"https://flowerbouquet.pk/pages/contact-us","/collections/friendship-day-gifts-flowers","Friendship Day"
"https://flowerbouquet.pk/pages/contact-us","/collections/teachers-day-gifts-flowers","Teachers Day"
"https://flowerbouquet.pk/pages/contact-us","/collections/womens-day-gifts-flowers","Women&#39;s Day"
"https://flowerbouquet.pk/pages/contact-us","/collections/valentines-day-gifts-flowers","Valentine&#39;s day"
"https://flowerbouquet.pk/pages/contact-us","/collections/get-well-soon-gifts-flowers","Get Well Soon"
"https://flowerbouquet.pk/pages/contact-us","/collections/im-sorry-gifts-flowers","I&#39;m Sorry"
"https://flowerbouquet.pk/pages/contact-us","/collections/sympathy-gifts-flowers","Sympathy"
"https://flowerbouquet.pk/pages/contact-us","/collections/thank-you-gifts-flowers","Thank You"
"https://flowerbouquet.pk/pages/contact-us","/collections/congratulations-gift-flowers","Congratulations"
"https://flowerbouquet.pk/pages/contact-us","/collections/christmas-gifts-flowers","Christmas"
"https://flowerbouquet.pk/pages/contact-us","/collections/eid-gifts-flowers","Ramdan &amp; Eid"
"https://flowerbouquet.pk/pages/contact-us","/collections/rose-bouquet-pakistan","Red Roses Bouquet"
"https://flowerbouquet.pk/pages/contact-us","/collections/black-rose-bouquets","Black Rose Bouquets"
"https://flowerbouquet.pk/pages/contact-us","/collections/white-rose-bouquet-pakistan","White Rose Bouquet"
"https://flowerbouquet.pk/pages/contact-us","/collections/pink-rose-bouquet-pakistan","Pink Rose Bouquet"
"https://flowerbouquet.pk/pages/contact-us","/collections/sunflower-bouquet","Sunflower Bouquet"
"https://flowerbouquet.pk/pages/contact-us","/collections/chrysanthemum-flowers-pakistan","Chrysanthemum Flowers"
"https://flowerbouquet.pk/pages/contact-us","/collections/mixed-flower-bouquet-pakistan","Mixed Flower Bouquet"
"https://flowerbouquet.pk/pages/contact-us","/collections/crochet-bouquets","Crochet Bouquets"
"https://flowerbouquet.pk/pages/contact-us","/collections/chocolate-bouquets","Chocolate Bouquets"
"https://flowerbouquet.pk/pages/contact-us","/collections/snacks-bouquet","Snacks Bouquets"
"https://flowerbouquet.pk/pages/contact-us","/collections/flowers-lahore","Flowers To Lahore"
"https://flowerbouquet.pk/pages/contact-us","/collections/flowers-islamabad","Flowers To Islamabad"
"https://flowerbouquet.pk/pages/contact-us","/collections/flowers-karachi","Flowers To Karachi"
"https://flowerbouquet.pk/pages/contact-us","/collections/flowers-faisalabad","Flowers To Faisalabad"
"https://flowerbouquet.pk/pages/contact-us","/collections/bouquets-cakes","Bouquets &amp; Cakes"
"https://flowerbouquet.pk/pages/contact-us","/collections/chocolate-bouquets","Bouquets &amp; Chocolates"
"https://flowerbouquet.pk/pages/contact-us","/collections/flower-combos","All Bundles"
"https://flowerbouquet.pk/pages/contact-us","/collections/bestseller-cakes","Bestseller Cakes"
"https://flowerbouquet.pk/pages/contact-us","/collections/signature-cakes","Signature Cakes"
"https://flowerbouquet.pk/pages/contact-us","/collections/petite-cakes","Bento Cakes"
"https://flowerbouquet.pk/pages/contact-us","/collections/picture-print-cakes","Picture Print Cakes"
"https://flowerbouquet.pk/pages/contact-us","/collections/heart-cakes","Heart Cakes"
"https://flowerbouquet.pk/pages/contact-us","/collections/regular-cakes","Regular Cakes"
"https://flowerbouquet.pk/pages/about-us","/policies/terms-of-service","Terms &amp; Conditions"
"https://flowerbouquet.pk/pages/about-us","/policies/privacy-policy","Privacy Policy"
"https://flowerbouquet.pk/pages/about-us","/","Home"
"https://flowerbouquet.pk/pages/about-us","/collections/best-selling-flowers","Best Selling"
"https://flowerbouquet.pk/pages/about-us","/collections/anniversary-gifts-flowers","Anniversary Flowers"
"https://flowerbouquet.pk/pages/about-us","/collections/birthday-gifts-flowers","Birthday Flowers"
"https://flowerbouquet.pk/pages/about-us","/collections/valentines-day-gifts-flowers","Valentine&#39;s Flowers"
"https://flowerbouquet.pk/pages/about-us","/collections/christmas-gifts-flowers","Christmas Flowers"
"https://flowerbouquet.pk/pages/about-us","/collections/friendship-day-gifts-flowers","Friendship Flower"
"https://flowerbouquet.pk/pages/about-us","/collections/graduation-gifts-flowers","Graduation Flowers"
"https://flowerbouquet.pk/pages/about-us","/collections/new-year-gifts-flowers","New Year Bliss"
"https://flowerbouquet.pk/pages/about-us","/collections/congratulations-gift-flowers","Congratulatory Flowers"
"https://flowerbouquet.pk/pages/about-us","/collections/bridal-shower-gifts-flowers","Bridal Shower Flowers"
"https://flowerbouquet.pk/pages/about-us","/collections/get-well-soon-gifts-flowers","Get Well Soon Flowers"
"https://flowerbouquet.pk/pages/about-us","/collections/mothers-day-gifts-flowers","Mother&#39;s Day"
"https://flowerbouquet.pk/pages/about-us","/pages/fathers-day-gifts-and-flowers-in-lahore","Father&#39;s Day"
"https://flowerbouquet.pk/pages/about-us","/collections/friendship-day-gifts-flowers","Friendship Day"
"https://flowerbouquet.pk/pages/about-us","/collections/teachers-day-gifts-flowers","Teachers Day"
"https://flowerbouquet.pk/pages/about-us","/collections/womens-day-gifts-flowers","Women&#39;s Day"
"https://flowerbouquet.pk/pages/about-us","/collections/valentines-day-gifts-flowers","Valentine&#39;s day"
"https://flowerbouquet.pk/pages/about-us","/collections/get-well-soon-gifts-flowers","Get Well Soon"
"https://flowerbouquet.pk/pages/about-us","/collections/im-sorry-gifts-flowers","I&#39;m Sorry"
"https://flowerbouquet.pk/pages/about-us","/collections/sympathy-gifts-flowers","Sympathy"
"https://flowerbouquet.pk/pages/about-us","/collections/thank-you-gifts-flowers","Thank You"
"https://flowerbouquet.pk/pages/about-us","/collections/congratulations-gift-flowers","Congratulations"
"https://flowerbouquet.pk/pages/about-us","/collections/christmas-gifts-flowers","Christmas"
"https://flowerbouquet.pk/pages/about-us","/collections/eid-gifts-flowers","Ramdan &amp; Eid"
"https://flowerbouquet.pk/pages/about-us","/collections/rose-bouquet-pakistan","Red Roses Bouquet"
"https://flowerbouquet.pk/pages/about-us","/collections/black-rose-bouquets","Black Rose Bouquets"
"https://flowerbouquet.pk/pages/about-us","/collections/white-rose-bouquet-pakistan","White Rose Bouquet"
"https://flowerbouquet.pk/pages/about-us","/collections/pink-rose-bouquet-pakistan","Pink Rose Bouquet"
"https://flowerbouquet.pk/pages/about-us","/collections/sunflower-bouquet","Sunflower Bouquet"
"https://flowerbouquet.pk/pages/about-us","/collections/chrysanthemum-flowers-pakistan","Chrysanthemum Flowers"
"https://flowerbouquet.pk/pages/about-us","/collections/mixed-flower-bouquet-pakistan","Mixed Flower Bouquet"
"https://flowerbouquet.pk/pages/about-us","/collections/crochet-bouquets","Crochet Bouquets"
"https://flowerbouquet.pk/pages/about-us","/collections/chocolate-bouquets","Chocolate Bouquets"
"https://flowerbouquet.pk/pages/about-us","/collections/snacks-bouquet","Snacks Bouquets"
"https://flowerbouquet.pk/pages/about-us","/collections/flowers-lahore","Flowers To Lahore"
"https://flowerbouquet.pk/pages/about-us","/collections/flowers-islamabad","Flowers To Islamabad"
"https://flowerbouquet.pk/pages/about-us","/collections/flowers-karachi","Flowers To Karachi"
"https://flowerbouquet.pk/pages/about-us","/collections/flowers-faisalabad","Flowers To Faisalabad"
"https://flowerbouquet.pk/pages/about-us","/collections/bouquets-cakes","Bouquets &amp; Cakes"
"https://flowerbouquet.pk/pages/about-us","/collections/chocolate-bouquets","Bouquets &amp; Chocolates"
"https://flowerbouquet.pk/pages/about-us","/collections/flower-combos","All Bundles"
"https://flowerbouquet.pk/pages/about-us","/collections/bestseller-cakes","Bestseller Cakes"
"https://flowerbouquet.pk/pages/about-us","/collections/signature-cakes","Signature Cakes"
"https://flowerbouquet.pk/pages/about-us","/collections/petite-cakes","Bento Cakes"
"https://flowerbouquet.pk/pages/about-us","/collections/picture-print-cakes","Picture Print Cakes"
"https://flowerbouquet.pk/pages/about-us","/collections/heart-cakes","Heart Cakes"
"https://flowerbouquet.pk/pages/about-us","/collections/regular-cakes","Regular Cakes"
"https://flowerbouquet.pk/pages/flower-gift-delivery-in-dha-lahore","/policies/terms-of-service","Terms &amp; Conditions"
"https://flowerbouquet.pk/pages/flower-gift-delivery-in-dha-lahore","/policies/privacy-policy","Privacy Policy"
"https://flowerbouquet.pk/pages/flower-gift-delivery-in-dha-lahore","/","Home"
"https://flowerbouquet.pk/pages/flower-gift-delivery-in-dha-lahore","/collections/best-selling-flowers","Best Selling"
"https://flowerbouquet.pk/pages/flower-gift-delivery-in-dha-lahore","/collections/anniversary-gifts-flowers","Anniversary Flowers"
"https://flowerbouquet.pk/pages/flower-gift-delivery-in-dha-lahore","/collections/birthday-gifts-flowers","Birthday Flowers"
"https://flowerbouquet.pk/pages/flower-gift-delivery-in-dha-lahore","/collections/valentines-day-gifts-flowers","Valentine&#39;s Flowers"
"https://flowerbouquet.pk/pages/flower-gift-delivery-in-dha-lahore","/collections/christmas-gifts-flowers","Christmas Flowers"
"https://flowerbouquet.pk/pages/flower-gift-delivery-in-dha-lahore","/collections/friendship-day-gifts-flowers","Friendship Flower"
"https://flowerbouquet.pk/pages/flower-gift-delivery-in-dha-lahore","/collections/graduation-gifts-flowers","Graduation Flowers"
"https://flowerbouquet.pk/pages/flower-gift-delivery-in-dha-lahore","/collections/new-year-gifts-flowers","New Year Bliss"
"https://flowerbouquet.pk/pages/flower-gift-delivery-in-dha-lahore","/collections/congratulations-gift-flowers","Congratulatory Flowers"
"https://flowerbouquet.pk/pages/flower-gift-delivery-in-dha-lahore","/collections/bridal-shower-gifts-flowers","Bridal Shower Flowers"
"https://flowerbouquet.pk/pages/flower-gift-delivery-in-dha-lahore","/collections/get-well-soon-gifts-flowers","Get Well Soon Flowers"
"https://flowerbouquet.pk/pages/flower-gift-delivery-in-dha-lahore","/collections/mothers-day-gifts-flowers","Mother&#39;s Day"
"https://flowerbouquet.pk/pages/flower-gift-delivery-in-dha-lahore","/pages/fathers-day-gifts-and-flowers-in-lahore","Father&#39;s Day"
"https://flowerbouquet.pk/pages/flower-gift-delivery-in-dha-lahore","/collections/friendship-day-gifts-flowers","Friendship Day"
"https://flowerbouquet.pk/pages/flower-gift-delivery-in-dha-lahore","/collections/teachers-day-gifts-flowers","Teachers Day"
"https://flowerbouquet.pk/pages/flower-gift-delivery-in-dha-lahore","/collections/womens-day-gifts-flowers","Women&#39;s Day"
"https://flowerbouquet.pk/pages/flower-gift-delivery-in-dha-lahore","/collections/valentines-day-gifts-flowers","Valentine&#39;s day"
"https://flowerbouquet.pk/pages/flower-gift-delivery-in-dha-lahore","/collections/get-well-soon-gifts-flowers","Get Well Soon"
"https://flowerbouquet.pk/pages/flower-gift-delivery-in-dha-lahore","/collections/im-sorry-gifts-flowers","I&#39;m Sorry"
"https://flowerbouquet.pk/pages/flower-gift-delivery-in-dha-lahore","/collections/sympathy-gifts-flowers","Sympathy"
"https://flowerbouquet.pk/pages/flower-gift-delivery-in-dha-lahore","/collections/thank-you-gifts-flowers","Thank You"
"https://flowerbouquet.pk/pages/flower-gift-delivery-in-dha-lahore","/collections/congratulations-gift-flowers","Congratulations"
"https://flowerbouquet.pk/pages/flower-gift-delivery-in-dha-lahore","/collections/christmas-gifts-flowers","Christmas"
"https://flowerbouquet.pk/pages/flower-gift-delivery-in-dha-lahore","/collections/eid-gifts-flowers","Ramdan &amp; Eid"
"https://flowerbouquet.pk/pages/flower-gift-delivery-in-dha-lahore","/collections/rose-bouquet-pakistan","Red Roses Bouquet"
"https://flowerbouquet.pk/pages/flower-gift-delivery-in-dha-lahore","/collections/black-rose-bouquets","Black Rose Bouquets"
"https://flowerbouquet.pk/pages/flower-gift-delivery-in-dha-lahore","/collections/white-rose-bouquet-pakistan","White Rose Bouquet"
"https://flowerbouquet.pk/pages/flower-gift-delivery-in-dha-lahore","/collections/pink-rose-bouquet-pakistan","Pink Rose Bouquet"
"https://flowerbouquet.pk/pages/flower-gift-delivery-in-dha-lahore","/collections/sunflower-bouquet","Sunflower Bouquet"
"https://flowerbouquet.pk/pages/flower-gift-delivery-in-dha-lahore","/collections/chrysanthemum-flowers-pakistan","Chrysanthemum Flowers"
"https://flowerbouquet.pk/pages/flower-gift-delivery-in-dha-lahore","/collections/mixed-flower-bouquet-pakistan","Mixed Flower Bouquet"
"https://flowerbouquet.pk/pages/flower-gift-delivery-in-dha-lahore","/collections/crochet-bouquets","Crochet Bouquets"
"https://flowerbouquet.pk/pages/flower-gift-delivery-in-dha-lahore","/collections/chocolate-bouquets","Chocolate Bouquets"
"https://flowerbouquet.pk/pages/flower-gift-delivery-in-dha-lahore","/collections/snacks-bouquet","Snacks Bouquets"
"https://flowerbouquet.pk/pages/flower-gift-delivery-in-dha-lahore","/collections/flowers-lahore","Flowers To Lahore"
"https://flowerbouquet.pk/pages/flower-gift-delivery-in-dha-lahore","/collections/flowers-islamabad","Flowers To Islamabad"
"https://flowerbouquet.pk/pages/flower-gift-delivery-in-dha-lahore","/collections/flowers-karachi","Flowers To Karachi"
"https://flowerbouquet.pk/pages/flower-gift-delivery-in-dha-lahore","/collections/flowers-faisalabad","Flowers To Faisalabad"
"https://flowerbouquet.pk/pages/flower-gift-delivery-in-dha-lahore","/collections/bouquets-cakes","Bouquets &amp; Cakes"
"https://flowerbouquet.pk/pages/flower-gift-delivery-in-dha-lahore","/collections/chocolate-bouquets","Bouquets &amp; Chocolates"
"https://flowerbouquet.pk/pages/flower-gift-delivery-in-dha-lahore","/collections/flower-combos","All Bundles"
"https://flowerbouquet.pk/pages/flower-gift-delivery-in-dha-lahore","/collections/bestseller-cakes","Bestseller Cakes"
"https://flowerbouquet.pk/pages/flower-gift-delivery-in-dha-lahore","/collections/signature-cakes","Signature Cakes"
"https://flowerbouquet.pk/pages/flower-gift-delivery-in-dha-lahore","/collections/petite-cakes","Bento Cakes"
"https://flowerbouquet.pk/pages/flower-gift-delivery-in-dha-lahore","/collections/picture-print-cakes","Picture Print Cakes"
"https://flowerbouquet.pk/pages/flower-gift-delivery-in-dha-lahore","/collections/heart-cakes","Heart Cakes"
"https://flowerbouquet.pk/pages/flower-gift-delivery-in-dha-lahore","/collections/regular-cakes","Regular Cakes"
"https://flowerbouquet.pk/pages/flower-and-gifts-delivery-in-bahria-town-lahore","/policies/terms-of-service","Terms &amp; Conditions"
"https://flowerbouquet.pk/pages/flower-and-gifts-delivery-in-bahria-town-lahore","/policies/privacy-policy","Privacy Policy"
"https://flowerbouquet.pk/pages/flower-and-gifts-delivery-in-bahria-town-lahore","/","Home"
"https://flowerbouquet.pk/pages/flower-and-gifts-delivery-in-bahria-town-lahore","/collections/best-selling-flowers","Best Selling"
"https://flowerbouquet.pk/pages/flower-and-gifts-delivery-in-bahria-town-lahore","/collections/anniversary-gifts-flowers","Anniversary Flowers"
"https://flowerbouquet.pk/pages/flower-and-gifts-delivery-in-bahria-town-lahore","/collections/birthday-gifts-flowers","Birthday Flowers"
"https://flowerbouquet.pk/pages/flower-and-gifts-delivery-in-bahria-town-lahore","/collections/valentines-day-gifts-flowers","Valentine&#39;s Flowers"
"https://flowerbouquet.pk/pages/flower-and-gifts-delivery-in-bahria-town-lahore","/collections/christmas-gifts-flowers","Christmas Flowers"
"https://flowerbouquet.pk/pages/flower-and-gifts-delivery-in-bahria-town-lahore","/collections/friendship-day-gifts-flowers","Friendship Flower"
"https://flowerbouquet.pk/pages/flower-and-gifts-delivery-in-bahria-town-lahore","/collections/graduation-gifts-flowers","Graduation Flowers"
"https://flowerbouquet.pk/pages/flower-and-gifts-delivery-in-bahria-town-lahore","/collections/new-year-gifts-flowers","New Year Bliss"
"https://flowerbouquet.pk/pages/flower-and-gifts-delivery-in-bahria-town-lahore","/collections/congratulations-gift-flowers","Congratulatory Flowers"
"https://flowerbouquet.pk/pages/flower-and-gifts-delivery-in-bahria-town-lahore","/collections/bridal-shower-gifts-flowers","Bridal Shower Flowers"
"https://flowerbouquet.pk/pages/flower-and-gifts-delivery-in-bahria-town-lahore","/collections/get-well-soon-gifts-flowers","Get Well Soon Flowers"
"https://flowerbouquet.pk/pages/flower-and-gifts-delivery-in-bahria-town-lahore","/collections/mothers-day-gifts-flowers","Mother&#39;s Day"
"https://flowerbouquet.pk/pages/flower-and-gifts-delivery-in-bahria-town-lahore","/pages/fathers-day-gifts-and-flowers-in-lahore","Father&#39;s Day"
"https://flowerbouquet.pk/pages/flower-and-gifts-delivery-in-bahria-town-lahore","/collections/friendship-day-gifts-flowers","Friendship Day"
"https://flowerbouquet.pk/pages/flower-and-gifts-delivery-in-bahria-town-lahore","/collections/teachers-day-gifts-flowers","Teachers Day"
"https://flowerbouquet.pk/pages/flower-and-gifts-delivery-in-bahria-town-lahore","/collections/womens-day-gifts-flowers","Women&#39;s Day"
"https://flowerbouquet.pk/pages/flower-and-gifts-delivery-in-bahria-town-lahore","/collections/valentines-day-gifts-flowers","Valentine&#39;s day"
"https://flowerbouquet.pk/pages/flower-and-gifts-delivery-in-bahria-town-lahore","/collections/get-well-soon-gifts-flowers","Get Well Soon"
"https://flowerbouquet.pk/pages/flower-and-gifts-delivery-in-bahria-town-lahore","/collections/im-sorry-gifts-flowers","I&#39;m Sorry"
"https://flowerbouquet.pk/pages/flower-and-gifts-delivery-in-bahria-town-lahore","/collections/sympathy-gifts-flowers","Sympathy"
"https://flowerbouquet.pk/pages/flower-and-gifts-delivery-in-bahria-town-lahore","/collections/thank-you-gifts-flowers","Thank You"
"https://flowerbouquet.pk/pages/flower-and-gifts-delivery-in-bahria-town-lahore","/collections/congratulations-gift-flowers","Congratulations"
"https://flowerbouquet.pk/pages/flower-and-gifts-delivery-in-bahria-town-lahore","/collections/christmas-gifts-flowers","Christmas"
"https://flowerbouquet.pk/pages/flower-and-gifts-delivery-in-bahria-town-lahore","/collections/eid-gifts-flowers","Ramdan &amp; Eid"
"https://flowerbouquet.pk/pages/flower-and-gifts-delivery-in-bahria-town-lahore","/collections/rose-bouquet-pakistan","Red Roses Bouquet"
"https://flowerbouquet.pk/pages/flower-and-gifts-delivery-in-bahria-town-lahore","/collections/black-rose-bouquets","Black Rose Bouquets"
"https://flowerbouquet.pk/pages/flower-and-gifts-delivery-in-bahria-town-lahore","/collections/white-rose-bouquet-pakistan","White Rose Bouquet"
"https://flowerbouquet.pk/pages/flower-and-gifts-delivery-in-bahria-town-lahore","/collections/pink-rose-bouquet-pakistan","Pink Rose Bouquet"
"https://flowerbouquet.pk/pages/flower-and-gifts-delivery-in-bahria-town-lahore","/collections/sunflower-bouquet","Sunflower Bouquet"
"https://flowerbouquet.pk/pages/flower-and-gifts-delivery-in-bahria-town-lahore","/collections/chrysanthemum-flowers-pakistan","Chrysanthemum Flowers"
"https://flowerbouquet.pk/pages/flower-and-gifts-delivery-in-bahria-town-lahore","/collections/mixed-flower-bouquet-pakistan","Mixed Flower Bouquet"
"https://flowerbouquet.pk/pages/flower-and-gifts-delivery-in-bahria-town-lahore","/collections/crochet-bouquets","Crochet Bouquets"
"https://flowerbouquet.pk/pages/flower-and-gifts-delivery-in-bahria-town-lahore","/collections/chocolate-bouquets","Chocolate Bouquets"
"https://flowerbouquet.pk/pages/flower-and-gifts-delivery-in-bahria-town-lahore","/collections/snacks-bouquet","Snacks Bouquets"
"https://flowerbouquet.pk/pages/flower-and-gifts-delivery-in-bahria-town-lahore","/collections/flowers-lahore","Flowers To Lahore"
"https://flowerbouquet.pk/pages/flower-and-gifts-delivery-in-bahria-town-lahore","/collections/flowers-islamabad","Flowers To Islamabad"
"https://flowerbouquet.pk/pages/flower-and-gifts-delivery-in-bahria-town-lahore","/collections/flowers-karachi","Flowers To Karachi"
"https://flowerbouquet.pk/pages/flower-and-gifts-delivery-in-bahria-town-lahore","/collections/flowers-faisalabad","Flowers To Faisalabad"
"https://flowerbouquet.pk/pages/flower-and-gifts-delivery-in-bahria-town-lahore","/collections/bouquets-cakes","Bouquets &amp; Cakes"
"https://flowerbouquet.pk/pages/flower-and-gifts-delivery-in-bahria-town-lahore","/collections/chocolate-bouquets","Bouquets &amp; Chocolates"
"https://flowerbouquet.pk/pages/flower-and-gifts-delivery-in-bahria-town-lahore","/collections/flower-combos","All Bundles"
"https://flowerbouquet.pk/pages/flower-and-gifts-delivery-in-bahria-town-lahore","/collections/bestseller-cakes","Bestseller Cakes"
"https://flowerbouquet.pk/pages/flower-and-gifts-delivery-in-bahria-town-lahore","/collections/signature-cakes","Signature Cakes"
"https://flowerbouquet.pk/pages/flower-and-gifts-delivery-in-bahria-town-lahore","/collections/petite-cakes","Bento Cakes"
"https://flowerbouquet.pk/pages/flower-and-gifts-delivery-in-bahria-town-lahore","/collections/picture-print-cakes","Picture Print Cakes"
"https://flowerbouquet.pk/pages/flower-and-gifts-delivery-in-bahria-town-lahore","/collections/heart-cakes","Heart Cakes"
"https://flowerbouquet.pk/pages/flower-and-gifts-delivery-in-bahria-town-lahore","/collections/regular-cakes","Regular Cakes"
"https://flowerbouquet.pk/pages/flower-gift-delivery-johar-town-lahore","/policies/terms-of-service","Terms &amp; Conditions"
"https://flowerbouquet.pk/pages/flower-gift-delivery-johar-town-lahore","/policies/privacy-policy","Privacy Policy"
"https://flowerbouquet.pk/pages/flower-gift-delivery-johar-town-lahore","/","Home"
"https://flowerbouquet.pk/pages/flower-gift-delivery-johar-town-lahore","/collections/best-selling-flowers","Best Selling"
"https://flowerbouquet.pk/pages/flower-gift-delivery-johar-town-lahore","/collections/anniversary-gifts-flowers","Anniversary Flowers"
"https://flowerbouquet.pk/pages/flower-gift-delivery-johar-town-lahore","/collections/birthday-gifts-flowers","Birthday Flowers"
"https://flowerbouquet.pk/pages/flower-gift-delivery-johar-town-lahore","/collections/valentines-day-gifts-flowers","Valentine&#39;s Flowers"
"https://flowerbouquet.pk/pages/flower-gift-delivery-johar-town-lahore","/collections/christmas-gifts-flowers","Christmas Flowers"
"https://flowerbouquet.pk/pages/flower-gift-delivery-johar-town-lahore","/collections/friendship-day-gifts-flowers","Friendship Flower"
"https://flowerbouquet.pk/pages/flower-gift-delivery-johar-town-lahore","/collections/graduation-gifts-flowers","Graduation Flowers"
"https://flowerbouquet.pk/pages/flower-gift-delivery-johar-town-lahore","/collections/new-year-gifts-flowers","New Year Bliss"
"https://flowerbouquet.pk/pages/flower-gift-delivery-johar-town-lahore","/collections/congratulations-gift-flowers","Congratulatory Flowers"
"https://flowerbouquet.pk/pages/flower-gift-delivery-johar-town-lahore","/collections/bridal-shower-gifts-flowers","Bridal Shower Flowers"
"https://flowerbouquet.pk/pages/flower-gift-delivery-johar-town-lahore","/collections/get-well-soon-gifts-flowers","Get Well Soon Flowers"
"https://flowerbouquet.pk/pages/flower-gift-delivery-johar-town-lahore","/collections/mothers-day-gifts-flowers","Mother&#39;s Day"
"https://flowerbouquet.pk/pages/flower-gift-delivery-johar-town-lahore","/pages/fathers-day-gifts-and-flowers-in-lahore","Father&#39;s Day"
"https://flowerbouquet.pk/pages/flower-gift-delivery-johar-town-lahore","/collections/friendship-day-gifts-flowers","Friendship Day"
"https://flowerbouquet.pk/pages/flower-gift-delivery-johar-town-lahore","/collections/teachers-day-gifts-flowers","Teachers Day"
"https://flowerbouquet.pk/pages/flower-gift-delivery-johar-town-lahore","/collections/womens-day-gifts-flowers","Women&#39;s Day"
"https://flowerbouquet.pk/pages/flower-gift-delivery-johar-town-lahore","/collections/valentines-day-gifts-flowers","Valentine&#39;s day"
"https://flowerbouquet.pk/pages/flower-gift-delivery-johar-town-lahore","/collections/get-well-soon-gifts-flowers","Get Well Soon"
"https://flowerbouquet.pk/pages/flower-gift-delivery-johar-town-lahore","/collections/im-sorry-gifts-flowers","I&#39;m Sorry"
"https://flowerbouquet.pk/pages/flower-gift-delivery-johar-town-lahore","/collections/sympathy-gifts-flowers","Sympathy"
"https://flowerbouquet.pk/pages/flower-gift-delivery-johar-town-lahore","/collections/thank-you-gifts-flowers","Thank You"
"https://flowerbouquet.pk/pages/flower-gift-delivery-johar-town-lahore","/collections/congratulations-gift-flowers","Congratulations"
"https://flowerbouquet.pk/pages/flower-gift-delivery-johar-town-lahore","/collections/christmas-gifts-flowers","Christmas"
"https://flowerbouquet.pk/pages/flower-gift-delivery-johar-town-lahore","/collections/eid-gifts-flowers","Ramdan &amp; Eid"
"https://flowerbouquet.pk/pages/flower-gift-delivery-johar-town-lahore","/collections/rose-bouquet-pakistan","Red Roses Bouquet"
"https://flowerbouquet.pk/pages/flower-gift-delivery-johar-town-lahore","/collections/black-rose-bouquets","Black Rose Bouquets"
"https://flowerbouquet.pk/pages/flower-gift-delivery-johar-town-lahore","/collections/white-rose-bouquet-pakistan","White Rose Bouquet"
"https://flowerbouquet.pk/pages/flower-gift-delivery-johar-town-lahore","/collections/pink-rose-bouquet-pakistan","Pink Rose Bouquet"
"https://flowerbouquet.pk/pages/flower-gift-delivery-johar-town-lahore","/collections/sunflower-bouquet","Sunflower Bouquet"
"https://flowerbouquet.pk/pages/flower-gift-delivery-johar-town-lahore","/collections/chrysanthemum-flowers-pakistan","Chrysanthemum Flowers"
"https://flowerbouquet.pk/pages/flower-gift-delivery-johar-town-lahore","/collections/mixed-flower-bouquet-pakistan","Mixed Flower Bouquet"
"https://flowerbouquet.pk/pages/flower-gift-delivery-johar-town-lahore","/collections/crochet-bouquets","Crochet Bouquets"
"https://flowerbouquet.pk/pages/flower-gift-delivery-johar-town-lahore","/collections/chocolate-bouquets","Chocolate Bouquets"
"https://flowerbouquet.pk/pages/flower-gift-delivery-johar-town-lahore","/collections/snacks-bouquet","Snacks Bouquets"
"https://flowerbouquet.pk/pages/flower-gift-delivery-johar-town-lahore","/collections/flowers-lahore","Flowers To Lahore"
"https://flowerbouquet.pk/pages/flower-gift-delivery-johar-town-lahore","/collections/flowers-islamabad","Flowers To Islamabad"
"https://flowerbouquet.pk/pages/flower-gift-delivery-johar-town-lahore","/collections/flowers-karachi","Flowers To Karachi"
"https://flowerbouquet.pk/pages/flower-gift-delivery-johar-town-lahore","/collections/flowers-faisalabad","Flowers To Faisalabad"
"https://flowerbouquet.pk/pages/flower-gift-delivery-johar-town-lahore","/collections/bouquets-cakes","Bouquets &amp; Cakes"
"https://flowerbouquet.pk/pages/flower-gift-delivery-johar-town-lahore","/collections/chocolate-bouquets","Bouquets &amp; Chocolates"
"https://flowerbouquet.pk/pages/flower-gift-delivery-johar-town-lahore","/collections/flower-combos","All Bundles"
"https://flowerbouquet.pk/pages/flower-gift-delivery-johar-town-lahore","/collections/bestseller-cakes","Bestseller Cakes"
"https://flowerbouquet.pk/pages/flower-gift-delivery-johar-town-lahore","/collections/signature-cakes","Signature Cakes"
"https://flowerbouquet.pk/pages/flower-gift-delivery-johar-town-lahore","/collections/petite-cakes","Bento Cakes"
"https://flowerbouquet.pk/pages/flower-gift-delivery-johar-town-lahore","/collections/picture-print-cakes","Picture Print Cakes"
"https://flowerbouquet.pk/pages/flower-gift-delivery-johar-town-lahore","/collections/heart-cakes","Heart Cakes"
"https://flowerbouquet.pk/pages/flower-gift-delivery-johar-town-lahore","/collections/regular-cakes","Regular Cakes"
"https://flowerbouquet.pk/pages/flower-gifts-delivery-model-town-lahore","/policies/terms-of-service","Terms &amp; Conditions"
"https://flowerbouquet.pk/pages/flower-gifts-delivery-model-town-lahore","/policies/privacy-policy","Privacy Policy"
"https://flowerbouquet.pk/pages/flower-gifts-delivery-model-town-lahore","/","Home"
"https://flowerbouquet.pk/pages/flower-gifts-delivery-model-town-lahore","/collections/best-selling-flowers","Best Selling"
"https://flowerbouquet.pk/pages/flower-gifts-delivery-model-town-lahore","/collections/anniversary-gifts-flowers","Anniversary Flowers"
"https://flowerbouquet.pk/pages/flower-gifts-delivery-model-town-lahore","/collections/birthday-gifts-flowers","Birthday Flowers"
"https://flowerbouquet.pk/pages/flower-gifts-delivery-model-town-lahore","/collections/valentines-day-gifts-flowers","Valentine&#39;s Flowers"
"https://flowerbouquet.pk/pages/flower-gifts-delivery-model-town-lahore","/collections/christmas-gifts-flowers","Christmas Flowers"
"https://flowerbouquet.pk/pages/flower-gifts-delivery-model-town-lahore","/collections/friendship-day-gifts-flowers","Friendship Flower"
"https://flowerbouquet.pk/pages/flower-gifts-delivery-model-town-lahore","/collections/graduation-gifts-flowers","Graduation Flowers"
"https://flowerbouquet.pk/pages/flower-gifts-delivery-model-town-lahore","/collections/new-year-gifts-flowers","New Year Bliss"
"https://flowerbouquet.pk/pages/flower-gifts-delivery-model-town-lahore","/collections/congratulations-gift-flowers","Congratulatory Flowers"
"https://flowerbouquet.pk/pages/flower-gifts-delivery-model-town-lahore","/collections/bridal-shower-gifts-flowers","Bridal Shower Flowers"
"https://flowerbouquet.pk/pages/flower-gifts-delivery-model-town-lahore","/collections/get-well-soon-gifts-flowers","Get Well Soon Flowers"
"https://flowerbouquet.pk/pages/flower-gifts-delivery-model-town-lahore","/collections/mothers-day-gifts-flowers","Mother&#39;s Day"
"https://flowerbouquet.pk/pages/flower-gifts-delivery-model-town-lahore","/pages/fathers-day-gifts-and-flowers-in-lahore","Father&#39;s Day"
"https://flowerbouquet.pk/pages/flower-gifts-delivery-model-town-lahore","/collections/friendship-day-gifts-flowers","Friendship Day"
"https://flowerbouquet.pk/pages/flower-gifts-delivery-model-town-lahore","/collections/teachers-day-gifts-flowers","Teachers Day"
"https://flowerbouquet.pk/pages/flower-gifts-delivery-model-town-lahore","/collections/womens-day-gifts-flowers","Women&#39;s Day"
"https://flowerbouquet.pk/pages/flower-gifts-delivery-model-town-lahore","/collections/valentines-day-gifts-flowers","Valentine&#39;s day"
"https://flowerbouquet.pk/pages/flower-gifts-delivery-model-town-lahore","/collections/get-well-soon-gifts-flowers","Get Well Soon"
"https://flowerbouquet.pk/pages/flower-gifts-delivery-model-town-lahore","/collections/im-sorry-gifts-flowers","I&#39;m Sorry"
"https://flowerbouquet.pk/pages/flower-gifts-delivery-model-town-lahore","/collections/sympathy-gifts-flowers","Sympathy"
"https://flowerbouquet.pk/pages/flower-gifts-delivery-model-town-lahore","/collections/thank-you-gifts-flowers","Thank You"
"https://flowerbouquet.pk/pages/flower-gifts-delivery-model-town-lahore","/collections/congratulations-gift-flowers","Congratulations"
"https://flowerbouquet.pk/pages/flower-gifts-delivery-model-town-lahore","/collections/christmas-gifts-flowers","Christmas"
"https://flowerbouquet.pk/pages/flower-gifts-delivery-model-town-lahore","/collections/eid-gifts-flowers","Ramdan &amp; Eid"
"https://flowerbouquet.pk/pages/flower-gifts-delivery-model-town-lahore","/collections/rose-bouquet-pakistan","Red Roses Bouquet"
"https://flowerbouquet.pk/pages/flower-gifts-delivery-model-town-lahore","/collections/black-rose-bouquets","Black Rose Bouquets"
"https://flowerbouquet.pk/pages/flower-gifts-delivery-model-town-lahore","/collections/white-rose-bouquet-pakistan","White Rose Bouquet"
"https://flowerbouquet.pk/pages/flower-gifts-delivery-model-town-lahore","/collections/pink-rose-bouquet-pakistan","Pink Rose Bouquet"
"https://flowerbouquet.pk/pages/flower-gifts-delivery-model-town-lahore","/collections/sunflower-bouquet","Sunflower Bouquet"
"https://flowerbouquet.pk/pages/flower-gifts-delivery-model-town-lahore","/collections/chrysanthemum-flowers-pakistan","Chrysanthemum Flowers"
"https://flowerbouquet.pk/pages/flower-gifts-delivery-model-town-lahore","/collections/mixed-flower-bouquet-pakistan","Mixed Flower Bouquet"
"https://flowerbouquet.pk/pages/flower-gifts-delivery-model-town-lahore","/collections/crochet-bouquets","Crochet Bouquets"
"https://flowerbouquet.pk/pages/flower-gifts-delivery-model-town-lahore","/collections/chocolate-bouquets","Chocolate Bouquets"
"https://flowerbouquet.pk/pages/flower-gifts-delivery-model-town-lahore","/collections/snacks-bouquet","Snacks Bouquets"
"https://flowerbouquet.pk/pages/flower-gifts-delivery-model-town-lahore","/collections/flowers-lahore","Flowers To Lahore"
"https://flowerbouquet.pk/pages/flower-gifts-delivery-model-town-lahore","/collections/flowers-islamabad","Flowers To Islamabad"
"https://flowerbouquet.pk/pages/flower-gifts-delivery-model-town-lahore","/collections/flowers-karachi","Flowers To Karachi"
"https://flowerbouquet.pk/pages/flower-gifts-delivery-model-town-lahore","/collections/flowers-faisalabad","Flowers To Faisalabad"
"https://flowerbouquet.pk/pages/flower-gifts-delivery-model-town-lahore","/collections/bouquets-cakes","Bouquets &amp; Cakes"
"https://flowerbouquet.pk/pages/flower-gifts-delivery-model-town-lahore","/collections/chocolate-bouquets","Bouquets &amp; Chocolates"
"https://flowerbouquet.pk/pages/flower-gifts-delivery-model-town-lahore","/collections/flower-combos","All Bundles"
"https://flowerbouquet.pk/pages/flower-gifts-delivery-model-town-lahore","/collections/bestseller-cakes","Bestseller Cakes"
"https://flowerbouquet.pk/pages/flower-gifts-delivery-model-town-lahore","/collections/signature-cakes","Signature Cakes"
"https://flowerbouquet.pk/pages/flower-gifts-delivery-model-town-lahore","/collections/petite-cakes","Bento Cakes"
"https://flowerbouquet.pk/pages/flower-gifts-delivery-model-town-lahore","/collections/picture-print-cakes","Picture Print Cakes"
"https://flowerbouquet.pk/pages/flower-gifts-delivery-model-town-lahore","/collections/heart-cakes","Heart Cakes"
"https://flowerbouquet.pk/pages/flower-gifts-delivery-model-town-lahore","/collections/regular-cakes","Regular Cakes"
"https://flowerbouquet.pk/pages/flower-gifts-delivery-in-gulberg-lahore","/policies/terms-of-service","Terms &amp; Conditions"
"https://flowerbouquet.pk/pages/flower-gifts-delivery-in-gulberg-lahore","/policies/privacy-policy","Privacy Policy"
"https://flowerbouquet.pk/pages/flower-gifts-delivery-in-gulberg-lahore","/","Home"
"https://flowerbouquet.pk/pages/flower-gifts-delivery-in-gulberg-lahore","/collections/best-selling-flowers","Best Selling"
"https://flowerbouquet.pk/pages/flower-gifts-delivery-in-gulberg-lahore","/collections/anniversary-gifts-flowers","Anniversary Flowers"
"https://flowerbouquet.pk/pages/flower-gifts-delivery-in-gulberg-lahore","/collections/birthday-gifts-flowers","Birthday Flowers"
"https://flowerbouquet.pk/pages/flower-gifts-delivery-in-gulberg-lahore","/collections/valentines-day-gifts-flowers","Valentine&#39;s Flowers"
"https://flowerbouquet.pk/pages/flower-gifts-delivery-in-gulberg-lahore","/collections/christmas-gifts-flowers","Christmas Flowers"
"https://flowerbouquet.pk/pages/flower-gifts-delivery-in-gulberg-lahore","/collections/friendship-day-gifts-flowers","Friendship Flower"
"https://flowerbouquet.pk/pages/flower-gifts-delivery-in-gulberg-lahore","/collections/graduation-gifts-flowers","Graduation Flowers"
"https://flowerbouquet.pk/pages/flower-gifts-delivery-in-gulberg-lahore","/collections/new-year-gifts-flowers","New Year Bliss"
"https://flowerbouquet.pk/pages/flower-gifts-delivery-in-gulberg-lahore","/collections/congratulations-gift-flowers","Congratulatory Flowers"
"https://flowerbouquet.pk/pages/flower-gifts-delivery-in-gulberg-lahore","/collections/bridal-shower-gifts-flowers","Bridal Shower Flowers"
"https://flowerbouquet.pk/pages/flower-gifts-delivery-in-gulberg-lahore","/collections/get-well-soon-gifts-flowers","Get Well Soon Flowers"
"https://flowerbouquet.pk/pages/flower-gifts-delivery-in-gulberg-lahore","/collections/mothers-day-gifts-flowers","Mother&#39;s Day"
"https://flowerbouquet.pk/pages/flower-gifts-delivery-in-gulberg-lahore","/pages/fathers-day-gifts-and-flowers-in-lahore","Father&#39;s Day"
"https://flowerbouquet.pk/pages/flower-gifts-delivery-in-gulberg-lahore","/collections/friendship-day-gifts-flowers","Friendship Day"
"https://flowerbouquet.pk/pages/flower-gifts-delivery-in-gulberg-lahore","/collections/teachers-day-gifts-flowers","Teachers Day"
"https://flowerbouquet.pk/pages/flower-gifts-delivery-in-gulberg-lahore","/collections/womens-day-gifts-flowers","Women&#39;s Day"
"https://flowerbouquet.pk/pages/flower-gifts-delivery-in-gulberg-lahore","/collections/valentines-day-gifts-flowers","Valentine&#39;s day"
"https://flowerbouquet.pk/pages/flower-gifts-delivery-in-gulberg-lahore","/collections/get-well-soon-gifts-flowers","Get Well Soon"
"https://flowerbouquet.pk/pages/flower-gifts-delivery-in-gulberg-lahore","/collections/im-sorry-gifts-flowers","I&#39;m Sorry"
"https://flowerbouquet.pk/pages/flower-gifts-delivery-in-gulberg-lahore","/collections/sympathy-gifts-flowers","Sympathy"
"https://flowerbouquet.pk/pages/flower-gifts-delivery-in-gulberg-lahore","/collections/thank-you-gifts-flowers","Thank You"
"https://flowerbouquet.pk/pages/flower-gifts-delivery-in-gulberg-lahore","/collections/congratulations-gift-flowers","Congratulations"
"https://flowerbouquet.pk/pages/flower-gifts-delivery-in-gulberg-lahore","/collections/christmas-gifts-flowers","Christmas"
"https://flowerbouquet.pk/pages/flower-gifts-delivery-in-gulberg-lahore","/collections/eid-gifts-flowers","Ramdan &amp; Eid"
"https://flowerbouquet.pk/pages/flower-gifts-delivery-in-gulberg-lahore","/collections/rose-bouquet-pakistan","Red Roses Bouquet"
"https://flowerbouquet.pk/pages/flower-gifts-delivery-in-gulberg-lahore","/collections/black-rose-bouquets","Black Rose Bouquets"
"https://flowerbouquet.pk/pages/flower-gifts-delivery-in-gulberg-lahore","/collections/white-rose-bouquet-pakistan","White Rose Bouquet"
"https://flowerbouquet.pk/pages/flower-gifts-delivery-in-gulberg-lahore","/collections/pink-rose-bouquet-pakistan","Pink Rose Bouquet"
"https://flowerbouquet.pk/pages/flower-gifts-delivery-in-gulberg-lahore","/collections/sunflower-bouquet","Sunflower Bouquet"
"https://flowerbouquet.pk/pages/flower-gifts-delivery-in-gulberg-lahore","/collections/chrysanthemum-flowers-pakistan","Chrysanthemum Flowers"
"https://flowerbouquet.pk/pages/flower-gifts-delivery-in-gulberg-lahore","/collections/mixed-flower-bouquet-pakistan","Mixed Flower Bouquet"
"https://flowerbouquet.pk/pages/flower-gifts-delivery-in-gulberg-lahore","/collections/crochet-bouquets","Crochet Bouquets"
"https://flowerbouquet.pk/pages/flower-gifts-delivery-in-gulberg-lahore","/collections/chocolate-bouquets","Chocolate Bouquets"
"https://flowerbouquet.pk/pages/flower-gifts-delivery-in-gulberg-lahore","/collections/snacks-bouquet","Snacks Bouquets"
"https://flowerbouquet.pk/pages/flower-gifts-delivery-in-gulberg-lahore","/collections/flowers-lahore","Flowers To Lahore"
"https://flowerbouquet.pk/pages/flower-gifts-delivery-in-gulberg-lahore","/collections/flowers-islamabad","Flowers To Islamabad"
"https://flowerbouquet.pk/pages/flower-gifts-delivery-in-gulberg-lahore","/collections/flowers-karachi","Flowers To Karachi"
"https://flowerbouquet.pk/pages/flower-gifts-delivery-in-gulberg-lahore","/collections/flowers-faisalabad","Flowers To Faisalabad"
"https://flowerbouquet.pk/pages/flower-gifts-delivery-in-gulberg-lahore","/collections/bouquets-cakes","Bouquets &amp; Cakes"
"https://flowerbouquet.pk/pages/flower-gifts-delivery-in-gulberg-lahore","/collections/chocolate-bouquets","Bouquets &amp; Chocolates"
"https://flowerbouquet.pk/pages/flower-gifts-delivery-in-gulberg-lahore","/collections/flower-combos","All Bundles"
"https://flowerbouquet.pk/pages/flower-gifts-delivery-in-gulberg-lahore","/collections/bestseller-cakes","Bestseller Cakes"
"https://flowerbouquet.pk/pages/flower-gifts-delivery-in-gulberg-lahore","/collections/signature-cakes","Signature Cakes"
"https://flowerbouquet.pk/pages/flower-gifts-delivery-in-gulberg-lahore","/collections/petite-cakes","Bento Cakes"
"https://flowerbouquet.pk/pages/flower-gifts-delivery-in-gulberg-lahore","/collections/picture-print-cakes","Picture Print Cakes"
"https://flowerbouquet.pk/pages/flower-gifts-delivery-in-gulberg-lahore","/collections/heart-cakes","Heart Cakes"
"https://flowerbouquet.pk/pages/flower-gifts-delivery-in-gulberg-lahore","/collections/regular-cakes","Regular Cakes"
"https://flowerbouquet.pk/pages/flower-delivery-cantt-lahore","/policies/terms-of-service","Terms &amp; Conditions"
"https://flowerbouquet.pk/pages/flower-delivery-cantt-lahore","/policies/privacy-policy","Privacy Policy"
"https://flowerbouquet.pk/pages/flower-delivery-cantt-lahore","/","Home"
"https://flowerbouquet.pk/pages/flower-delivery-cantt-lahore","/collections/best-selling-flowers","Best Selling"
"https://flowerbouquet.pk/pages/flower-delivery-cantt-lahore","/collections/anniversary-gifts-flowers","Anniversary Flowers"
"https://flowerbouquet.pk/pages/flower-delivery-cantt-lahore","/collections/birthday-gifts-flowers","Birthday Flowers"
"https://flowerbouquet.pk/pages/flower-delivery-cantt-lahore","/collections/valentines-day-gifts-flowers","Valentine&#39;s Flowers"
"https://flowerbouquet.pk/pages/flower-delivery-cantt-lahore","/collections/christmas-gifts-flowers","Christmas Flowers"
"https://flowerbouquet.pk/pages/flower-delivery-cantt-lahore","/collections/friendship-day-gifts-flowers","Friendship Flower"
"https://flowerbouquet.pk/pages/flower-delivery-cantt-lahore","/collections/graduation-gifts-flowers","Graduation Flowers"
"https://flowerbouquet.pk/pages/flower-delivery-cantt-lahore","/collections/new-year-gifts-flowers","New Year Bliss"
"https://flowerbouquet.pk/pages/flower-delivery-cantt-lahore","/collections/congratulations-gift-flowers","Congratulatory Flowers"
"https://flowerbouquet.pk/pages/flower-delivery-cantt-lahore","/collections/bridal-shower-gifts-flowers","Bridal Shower Flowers"
"https://flowerbouquet.pk/pages/flower-delivery-cantt-lahore","/collections/get-well-soon-gifts-flowers","Get Well Soon Flowers"
"https://flowerbouquet.pk/pages/flower-delivery-cantt-lahore","/collections/mothers-day-gifts-flowers","Mother&#39;s Day"
"https://flowerbouquet.pk/pages/flower-delivery-cantt-lahore","/pages/fathers-day-gifts-and-flowers-in-lahore","Father&#39;s Day"
"https://flowerbouquet.pk/pages/flower-delivery-cantt-lahore","/collections/friendship-day-gifts-flowers","Friendship Day"
"https://flowerbouquet.pk/pages/flower-delivery-cantt-lahore","/collections/teachers-day-gifts-flowers","Teachers Day"
"https://flowerbouquet.pk/pages/flower-delivery-cantt-lahore","/collections/womens-day-gifts-flowers","Women&#39;s Day"
"https://flowerbouquet.pk/pages/flower-delivery-cantt-lahore","/collections/valentines-day-gifts-flowers","Valentine&#39;s day"
"https://flowerbouquet.pk/pages/flower-delivery-cantt-lahore","/collections/get-well-soon-gifts-flowers","Get Well Soon"
"https://flowerbouquet.pk/pages/flower-delivery-cantt-lahore","/collections/im-sorry-gifts-flowers","I&#39;m Sorry"
"https://flowerbouquet.pk/pages/flower-delivery-cantt-lahore","/collections/sympathy-gifts-flowers","Sympathy"
"https://flowerbouquet.pk/pages/flower-delivery-cantt-lahore","/collections/thank-you-gifts-flowers","Thank You"
"https://flowerbouquet.pk/pages/flower-delivery-cantt-lahore","/collections/congratulations-gift-flowers","Congratulations"
"https://flowerbouquet.pk/pages/flower-delivery-cantt-lahore","/collections/christmas-gifts-flowers","Christmas"
"https://flowerbouquet.pk/pages/flower-delivery-cantt-lahore","/collections/eid-gifts-flowers","Ramdan &amp; Eid"
"https://flowerbouquet.pk/pages/flower-delivery-cantt-lahore","/collections/rose-bouquet-pakistan","Red Roses Bouquet"
"https://flowerbouquet.pk/pages/flower-delivery-cantt-lahore","/collections/black-rose-bouquets","Black Rose Bouquets"
"https://flowerbouquet.pk/pages/flower-delivery-cantt-lahore","/collections/white-rose-bouquet-pakistan","White Rose Bouquet"
"https://flowerbouquet.pk/pages/flower-delivery-cantt-lahore","/collections/pink-rose-bouquet-pakistan","Pink Rose Bouquet"
"https://flowerbouquet.pk/pages/flower-delivery-cantt-lahore","/collections/sunflower-bouquet","Sunflower Bouquet"
"https://flowerbouquet.pk/pages/flower-delivery-cantt-lahore","/collections/chrysanthemum-flowers-pakistan","Chrysanthemum Flowers"
"https://flowerbouquet.pk/pages/flower-delivery-cantt-lahore","/collections/mixed-flower-bouquet-pakistan","Mixed Flower Bouquet"
"https://flowerbouquet.pk/pages/flower-delivery-cantt-lahore","/collections/crochet-bouquets","Crochet Bouquets"
"https://flowerbouquet.pk/pages/flower-delivery-cantt-lahore","/collections/chocolate-bouquets","Chocolate Bouquets"
"https://flowerbouquet.pk/pages/flower-delivery-cantt-lahore","/collections/snacks-bouquet","Snacks Bouquets"
"https://flowerbouquet.pk/pages/flower-delivery-cantt-lahore","/collections/flowers-lahore","Flowers To Lahore"
"https://flowerbouquet.pk/pages/flower-delivery-cantt-lahore","/collections/flowers-islamabad","Flowers To Islamabad"
"https://flowerbouquet.pk/pages/flower-delivery-cantt-lahore","/collections/flowers-karachi","Flowers To Karachi"
"https://flowerbouquet.pk/pages/flower-delivery-cantt-lahore","/collections/flowers-faisalabad","Flowers To Faisalabad"
"https://flowerbouquet.pk/pages/flower-delivery-cantt-lahore","/collections/bouquets-cakes","Bouquets &amp; Cakes"
"https://flowerbouquet.pk/pages/flower-delivery-cantt-lahore","/collections/chocolate-bouquets","Bouquets &amp; Chocolates"
"https://flowerbouquet.pk/pages/flower-delivery-cantt-lahore","/collections/flower-combos","All Bundles"
"https://flowerbouquet.pk/pages/flower-delivery-cantt-lahore","/collections/bestseller-cakes","Bestseller Cakes"
"https://flowerbouquet.pk/pages/flower-delivery-cantt-lahore","/collections/signature-cakes","Signature Cakes"
"https://flowerbouquet.pk/pages/flower-delivery-cantt-lahore","/collections/petite-cakes","Bento Cakes"
"https://flowerbouquet.pk/pages/flower-delivery-cantt-lahore","/collections/picture-print-cakes","Picture Print Cakes"
"https://flowerbouquet.pk/pages/flower-delivery-cantt-lahore","/collections/heart-cakes","Heart Cakes"
"https://flowerbouquet.pk/pages/flower-delivery-cantt-lahore","/collections/regular-cakes","Regular Cakes"
"https://flowerbouquet.pk/pages/flower-delivery-wapda-town-lahore","/policies/terms-of-service","Terms &amp; Conditions"
"https://flowerbouquet.pk/pages/flower-delivery-wapda-town-lahore","/policies/privacy-policy","Privacy Policy"
"https://flowerbouquet.pk/pages/flower-delivery-wapda-town-lahore","/","Home"
"https://flowerbouquet.pk/pages/flower-delivery-wapda-town-lahore","/collections/best-selling-flowers","Best Selling"
"https://flowerbouquet.pk/pages/flower-delivery-wapda-town-lahore","/collections/anniversary-gifts-flowers","Anniversary Flowers"
"https://flowerbouquet.pk/pages/flower-delivery-wapda-town-lahore","/collections/birthday-gifts-flowers","Birthday Flowers"
"https://flowerbouquet.pk/pages/flower-delivery-wapda-town-lahore","/collections/valentines-day-gifts-flowers","Valentine&#39;s Flowers"
"https://flowerbouquet.pk/pages/flower-delivery-wapda-town-lahore","/collections/christmas-gifts-flowers","Christmas Flowers"
"https://flowerbouquet.pk/pages/flower-delivery-wapda-town-lahore","/collections/friendship-day-gifts-flowers","Friendship Flower"
"https://flowerbouquet.pk/pages/flower-delivery-wapda-town-lahore","/collections/graduation-gifts-flowers","Graduation Flowers"
"https://flowerbouquet.pk/pages/flower-delivery-wapda-town-lahore","/collections/new-year-gifts-flowers","New Year Bliss"
"https://flowerbouquet.pk/pages/flower-delivery-wapda-town-lahore","/collections/congratulations-gift-flowers","Congratulatory Flowers"
"https://flowerbouquet.pk/pages/flower-delivery-wapda-town-lahore","/collections/bridal-shower-gifts-flowers","Bridal Shower Flowers"
"https://flowerbouquet.pk/pages/flower-delivery-wapda-town-lahore","/collections/get-well-soon-gifts-flowers","Get Well Soon Flowers"
"https://flowerbouquet.pk/pages/flower-delivery-wapda-town-lahore","/collections/mothers-day-gifts-flowers","Mother&#39;s Day"
"https://flowerbouquet.pk/pages/flower-delivery-wapda-town-lahore","/pages/fathers-day-gifts-and-flowers-in-lahore","Father&#39;s Day"
"https://flowerbouquet.pk/pages/flower-delivery-wapda-town-lahore","/collections/friendship-day-gifts-flowers","Friendship Day"
"https://flowerbouquet.pk/pages/flower-delivery-wapda-town-lahore","/collections/teachers-day-gifts-flowers","Teachers Day"
"https://flowerbouquet.pk/pages/flower-delivery-wapda-town-lahore","/collections/womens-day-gifts-flowers","Women&#39;s Day"
"https://flowerbouquet.pk/pages/flower-delivery-wapda-town-lahore","/collections/valentines-day-gifts-flowers","Valentine&#39;s day"
"https://flowerbouquet.pk/pages/flower-delivery-wapda-town-lahore","/collections/get-well-soon-gifts-flowers","Get Well Soon"
"https://flowerbouquet.pk/pages/flower-delivery-wapda-town-lahore","/collections/im-sorry-gifts-flowers","I&#39;m Sorry"
"https://flowerbouquet.pk/pages/flower-delivery-wapda-town-lahore","/collections/sympathy-gifts-flowers","Sympathy"
"https://flowerbouquet.pk/pages/flower-delivery-wapda-town-lahore","/collections/thank-you-gifts-flowers","Thank You"
"https://flowerbouquet.pk/pages/flower-delivery-wapda-town-lahore","/collections/congratulations-gift-flowers","Congratulations"
"https://flowerbouquet.pk/pages/flower-delivery-wapda-town-lahore","/collections/christmas-gifts-flowers","Christmas"
"https://flowerbouquet.pk/pages/flower-delivery-wapda-town-lahore","/collections/eid-gifts-flowers","Ramdan &amp; Eid"
"https://flowerbouquet.pk/pages/flower-delivery-wapda-town-lahore","/collections/rose-bouquet-pakistan","Red Roses Bouquet"
"https://flowerbouquet.pk/pages/flower-delivery-wapda-town-lahore","/collections/black-rose-bouquets","Black Rose Bouquets"
"https://flowerbouquet.pk/pages/flower-delivery-wapda-town-lahore","/collections/white-rose-bouquet-pakistan","White Rose Bouquet"
"https://flowerbouquet.pk/pages/flower-delivery-wapda-town-lahore","/collections/pink-rose-bouquet-pakistan","Pink Rose Bouquet"
"https://flowerbouquet.pk/pages/flower-delivery-wapda-town-lahore","/collections/sunflower-bouquet","Sunflower Bouquet"
"https://flowerbouquet.pk/pages/flower-delivery-wapda-town-lahore","/collections/chrysanthemum-flowers-pakistan","Chrysanthemum Flowers"
"https://flowerbouquet.pk/pages/flower-delivery-wapda-town-lahore","/collections/mixed-flower-bouquet-pakistan","Mixed Flower Bouquet"
"https://flowerbouquet.pk/pages/flower-delivery-wapda-town-lahore","/collections/crochet-bouquets","Crochet Bouquets"
"https://flowerbouquet.pk/pages/flower-delivery-wapda-town-lahore","/collections/chocolate-bouquets","Chocolate Bouquets"
"https://flowerbouquet.pk/pages/flower-delivery-wapda-town-lahore","/collections/snacks-bouquet","Snacks Bouquets"
"https://flowerbouquet.pk/pages/flower-delivery-wapda-town-lahore","/collections/flowers-lahore","Flowers To Lahore"
"https://flowerbouquet.pk/pages/flower-delivery-wapda-town-lahore","/collections/flowers-islamabad","Flowers To Islamabad"
"https://flowerbouquet.pk/pages/flower-delivery-wapda-town-lahore","/collections/flowers-karachi","Flowers To Karachi"
"https://flowerbouquet.pk/pages/flower-delivery-wapda-town-lahore","/collections/flowers-faisalabad","Flowers To Faisalabad"
"https://flowerbouquet.pk/pages/flower-delivery-wapda-town-lahore","/collections/bouquets-cakes","Bouquets &amp; Cakes"
"https://flowerbouquet.pk/pages/flower-delivery-wapda-town-lahore","/collections/chocolate-bouquets","Bouquets &amp; Chocolates"
"https://flowerbouquet.pk/pages/flower-delivery-wapda-town-lahore","/collections/flower-combos","All Bundles"
"https://flowerbouquet.pk/pages/flower-delivery-wapda-town-lahore","/collections/bestseller-cakes","Bestseller Cakes"
"https://flowerbouquet.pk/pages/flower-delivery-wapda-town-lahore","/collections/signature-cakes","Signature Cakes"
"https://flowerbouquet.pk/pages/flower-delivery-wapda-town-lahore","/collections/petite-cakes","Bento Cakes"
"https://flowerbouquet.pk/pages/flower-delivery-wapda-town-lahore","/collections/picture-print-cakes","Picture Print Cakes"
"https://flowerbouquet.pk/pages/flower-delivery-wapda-town-lahore","/collections/heart-cakes","Heart Cakes"
"https://flowerbouquet.pk/pages/flower-delivery-wapda-town-lahore","/collections/regular-cakes","Regular Cakes"
"https://flowerbouquet.pk/blogs/flower-bouquets","/policies/terms-of-service","Terms &amp; Conditions"
"https://flowerbouquet.pk/blogs/flower-bouquets","/policies/privacy-policy","Privacy Policy"
"https://flowerbouquet.pk/blogs/flower-bouquets","/","Home"
"https://flowerbouquet.pk/blogs/flower-bouquets","/collections/best-selling-flowers","Best Selling"
"https://flowerbouquet.pk/blogs/flower-bouquets","/collections/anniversary-gifts-flowers","Anniversary Flowers"
"https://flowerbouquet.pk/blogs/flower-bouquets","/collections/birthday-gifts-flowers","Birthday Flowers"
"https://flowerbouquet.pk/blogs/flower-bouquets","/collections/valentines-day-gifts-flowers","Valentine&#39;s Flowers"
"https://flowerbouquet.pk/blogs/flower-bouquets","/collections/christmas-gifts-flowers","Christmas Flowers"
"https://flowerbouquet.pk/blogs/flower-bouquets","/collections/friendship-day-gifts-flowers","Friendship Flower"
"https://flowerbouquet.pk/blogs/flower-bouquets","/collections/graduation-gifts-flowers","Graduation Flowers"
"https://flowerbouquet.pk/blogs/flower-bouquets","/collections/new-year-gifts-flowers","New Year Bliss"
"https://flowerbouquet.pk/blogs/flower-bouquets","/collections/congratulations-gift-flowers","Congratulatory Flowers"
"https://flowerbouquet.pk/blogs/flower-bouquets","/collections/bridal-shower-gifts-flowers","Bridal Shower Flowers"
"https://flowerbouquet.pk/blogs/flower-bouquets","/collections/get-well-soon-gifts-flowers","Get Well Soon Flowers"
"https://flowerbouquet.pk/blogs/flower-bouquets","/collections/mothers-day-gifts-flowers","Mother&#39;s Day"
"https://flowerbouquet.pk/blogs/flower-bouquets","/pages/fathers-day-gifts-and-flowers-in-lahore","Father&#39;s Day"
"https://flowerbouquet.pk/blogs/flower-bouquets","/collections/friendship-day-gifts-flowers","Friendship Day"
"https://flowerbouquet.pk/blogs/flower-bouquets","/collections/teachers-day-gifts-flowers","Teachers Day"
"https://flowerbouquet.pk/blogs/flower-bouquets","/collections/womens-day-gifts-flowers","Women&#39;s Day"
"https://flowerbouquet.pk/blogs/flower-bouquets","/collections/valentines-day-gifts-flowers","Valentine&#39;s day"
"https://flowerbouquet.pk/blogs/flower-bouquets","/collections/get-well-soon-gifts-flowers","Get Well Soon"
"https://flowerbouquet.pk/blogs/flower-bouquets","/collections/im-sorry-gifts-flowers","I&#39;m Sorry"
"https://flowerbouquet.pk/blogs/flower-bouquets","/collections/sympathy-gifts-flowers","Sympathy"
"https://flowerbouquet.pk/blogs/flower-bouquets","/collections/thank-you-gifts-flowers","Thank You"
"https://flowerbouquet.pk/blogs/flower-bouquets","/collections/congratulations-gift-flowers","Congratulations"
"https://flowerbouquet.pk/blogs/flower-bouquets","/collections/christmas-gifts-flowers","Christmas"
"https://flowerbouquet.pk/blogs/flower-bouquets","/collections/eid-gifts-flowers","Ramdan &amp; Eid"
"https://flowerbouquet.pk/blogs/flower-bouquets","/collections/rose-bouquet-pakistan","Red Roses Bouquet"
"https://flowerbouquet.pk/blogs/flower-bouquets","/collections/black-rose-bouquets","Black Rose Bouquets"
"https://flowerbouquet.pk/blogs/flower-bouquets","/collections/white-rose-bouquet-pakistan","White Rose Bouquet"
"https://flowerbouquet.pk/blogs/flower-bouquets","/collections/pink-rose-bouquet-pakistan","Pink Rose Bouquet"
"https://flowerbouquet.pk/blogs/flower-bouquets","/collections/sunflower-bouquet","Sunflower Bouquet"
"https://flowerbouquet.pk/blogs/flower-bouquets","/collections/chrysanthemum-flowers-pakistan","Chrysanthemum Flowers"
"https://flowerbouquet.pk/blogs/flower-bouquets","/collections/mixed-flower-bouquet-pakistan","Mixed Flower Bouquet"
"https://flowerbouquet.pk/blogs/flower-bouquets","/collections/crochet-bouquets","Crochet Bouquets"
"https://flowerbouquet.pk/blogs/flower-bouquets","/collections/chocolate-bouquets","Chocolate Bouquets"
"https://flowerbouquet.pk/blogs/flower-bouquets","/collections/snacks-bouquet","Snacks Bouquets"
"https://flowerbouquet.pk/blogs/flower-bouquets","/collections/flowers-lahore","Flowers To Lahore"
"https://flowerbouquet.pk/blogs/flower-bouquets","/collections/flowers-islamabad","Flowers To Islamabad"
"https://flowerbouquet.pk/blogs/flower-bouquets","/collections/flowers-karachi","Flowers To Karachi"
"https://flowerbouquet.pk/blogs/flower-bouquets","/collections/flowers-faisalabad","Flowers To Faisalabad"
"https://flowerbouquet.pk/blogs/flower-bouquets","/collections/bouquets-cakes","Bouquets &amp; Cakes"
"https://flowerbouquet.pk/blogs/flower-bouquets","/collections/chocolate-bouquets","Bouquets &amp; Chocolates"
"https://flowerbouquet.pk/blogs/flower-bouquets","/collections/flower-combos","All Bundles"
"https://flowerbouquet.pk/blogs/flower-bouquets","/collections/bestseller-cakes","Bestseller Cakes"
"https://flowerbouquet.pk/blogs/flower-bouquets","/collections/signature-cakes","Signature Cakes"
"https://flowerbouquet.pk/blogs/flower-bouquets","/collections/petite-cakes","Bento Cakes"
"https://flowerbouquet.pk/blogs/flower-bouquets","/collections/picture-print-cakes","Picture Print Cakes"
"https://flowerbouquet.pk/blogs/flower-bouquets","/collections/heart-cakes","Heart Cakes"
"https://flowerbouquet.pk/blogs/flower-bouquets","/collections/regular-cakes","Regular Cakes"
"https://flowerbouquet.pk/blogs/flower-bouquets/how-to-choose-the-perfect-bouquet-for-any-occasion","/policies/terms-of-service","Terms &amp; Conditions"
"https://flowerbouquet.pk/blogs/flower-bouquets/how-to-choose-the-perfect-bouquet-for-any-occasion","/policies/privacy-policy","Privacy Policy"
"https://flowerbouquet.pk/blogs/flower-bouquets/how-to-choose-the-perfect-bouquet-for-any-occasion","/","Home"
"https://flowerbouquet.pk/blogs/flower-bouquets/how-to-choose-the-perfect-bouquet-for-any-occasion","/collections/best-selling-flowers","Best Selling"
"https://flowerbouquet.pk/blogs/flower-bouquets/how-to-choose-the-perfect-bouquet-for-any-occasion","/collections/anniversary-gifts-flowers","Anniversary Flowers"
"https://flowerbouquet.pk/blogs/flower-bouquets/how-to-choose-the-perfect-bouquet-for-any-occasion","/collections/birthday-gifts-flowers","Birthday Flowers"
"https://flowerbouquet.pk/blogs/flower-bouquets/how-to-choose-the-perfect-bouquet-for-any-occasion","/collections/valentines-day-gifts-flowers","Valentine&#39;s Flowers"
"https://flowerbouquet.pk/blogs/flower-bouquets/how-to-choose-the-perfect-bouquet-for-any-occasion","/collections/christmas-gifts-flowers","Christmas Flowers"
"https://flowerbouquet.pk/blogs/flower-bouquets/how-to-choose-the-perfect-bouquet-for-any-occasion","/collections/friendship-day-gifts-flowers","Friendship Flower"
"https://flowerbouquet.pk/blogs/flower-bouquets/how-to-choose-the-perfect-bouquet-for-any-occasion","/collections/graduation-gifts-flowers","Graduation Flowers"
"https://flowerbouquet.pk/blogs/flower-bouquets/how-to-choose-the-perfect-bouquet-for-any-occasion","/collections/new-year-gifts-flowers","New Year Bliss"
"https://flowerbouquet.pk/blogs/flower-bouquets/how-to-choose-the-perfect-bouquet-for-any-occasion","/collections/congratulations-gift-flowers","Congratulatory Flowers"
"https://flowerbouquet.pk/blogs/flower-bouquets/how-to-choose-the-perfect-bouquet-for-any-occasion","/collections/bridal-shower-gifts-flowers","Bridal Shower Flowers"
"https://flowerbouquet.pk/blogs/flower-bouquets/how-to-choose-the-perfect-bouquet-for-any-occasion","/collections/get-well-soon-gifts-flowers","Get Well Soon Flowers"
"https://flowerbouquet.pk/blogs/flower-bouquets/how-to-choose-the-perfect-bouquet-for-any-occasion","/collections/mothers-day-gifts-flowers","Mother&#39;s Day"
"https://flowerbouquet.pk/blogs/flower-bouquets/how-to-choose-the-perfect-bouquet-for-any-occasion","/pages/fathers-day-gifts-and-flowers-in-lahore","Father&#39;s Day"
"https://flowerbouquet.pk/blogs/flower-bouquets/how-to-choose-the-perfect-bouquet-for-any-occasion","/collections/friendship-day-gifts-flowers","Friendship Day"
"https://flowerbouquet.pk/blogs/flower-bouquets/how-to-choose-the-perfect-bouquet-for-any-occasion","/collections/teachers-day-gifts-flowers","Teachers Day"
"https://flowerbouquet.pk/blogs/flower-bouquets/how-to-choose-the-perfect-bouquet-for-any-occasion","/collections/womens-day-gifts-flowers","Women&#39;s Day"
"https://flowerbouquet.pk/blogs/flower-bouquets/how-to-choose-the-perfect-bouquet-for-any-occasion","/collections/valentines-day-gifts-flowers","Valentine&#39;s day"
"https://flowerbouquet.pk/blogs/flower-bouquets/how-to-choose-the-perfect-bouquet-for-any-occasion","/collections/get-well-soon-gifts-flowers","Get Well Soon"
"https://flowerbouquet.pk/blogs/flower-bouquets/how-to-choose-the-perfect-bouquet-for-any-occasion","/collections/im-sorry-gifts-flowers","I&#39;m Sorry"
"https://flowerbouquet.pk/blogs/flower-bouquets/how-to-choose-the-perfect-bouquet-for-any-occasion","/collections/sympathy-gifts-flowers","Sympathy"
"https://flowerbouquet.pk/blogs/flower-bouquets/how-to-choose-the-perfect-bouquet-for-any-occasion","/collections/thank-you-gifts-flowers","Thank You"
"https://flowerbouquet.pk/blogs/flower-bouquets/how-to-choose-the-perfect-bouquet-for-any-occasion","/collections/congratulations-gift-flowers","Congratulations"
"https://flowerbouquet.pk/blogs/flower-bouquets/how-to-choose-the-perfect-bouquet-for-any-occasion","/collections/christmas-gifts-flowers","Christmas"
"https://flowerbouquet.pk/blogs/flower-bouquets/how-to-choose-the-perfect-bouquet-for-any-occasion","/collections/eid-gifts-flowers","Ramdan &amp; Eid"
"https://flowerbouquet.pk/blogs/flower-bouquets/how-to-choose-the-perfect-bouquet-for-any-occasion","/collections/rose-bouquet-pakistan","Red Roses Bouquet"
"https://flowerbouquet.pk/blogs/flower-bouquets/how-to-choose-the-perfect-bouquet-for-any-occasion","/collections/black-rose-bouquets","Black Rose Bouquets"
"https://flowerbouquet.pk/blogs/flower-bouquets/how-to-choose-the-perfect-bouquet-for-any-occasion","/collections/white-rose-bouquet-pakistan","White Rose Bouquet"
"https://flowerbouquet.pk/blogs/flower-bouquets/how-to-choose-the-perfect-bouquet-for-any-occasion","/collections/pink-rose-bouquet-pakistan","Pink Rose Bouquet"
"https://flowerbouquet.pk/blogs/flower-bouquets/how-to-choose-the-perfect-bouquet-for-any-occasion","/collections/sunflower-bouquet","Sunflower Bouquet"
"https://flowerbouquet.pk/blogs/flower-bouquets/how-to-choose-the-perfect-bouquet-for-any-occasion","/collections/chrysanthemum-flowers-pakistan","Chrysanthemum Flowers"
"https://flowerbouquet.pk/blogs/flower-bouquets/how-to-choose-the-perfect-bouquet-for-any-occasion","/collections/mixed-flower-bouquet-pakistan","Mixed Flower Bouquet"
"https://flowerbouquet.pk/blogs/flower-bouquets/how-to-choose-the-perfect-bouquet-for-any-occasion","/collections/crochet-bouquets","Crochet Bouquets"
"https://flowerbouquet.pk/blogs/flower-bouquets/how-to-choose-the-perfect-bouquet-for-any-occasion","/collections/chocolate-bouquets","Chocolate Bouquets"
"https://flowerbouquet.pk/blogs/flower-bouquets/how-to-choose-the-perfect-bouquet-for-any-occasion","/collections/snacks-bouquet","Snacks Bouquets"
"https://flowerbouquet.pk/blogs/flower-bouquets/how-to-choose-the-perfect-bouquet-for-any-occasion","/collections/flowers-lahore","Flowers To Lahore"
"https://flowerbouquet.pk/blogs/flower-bouquets/how-to-choose-the-perfect-bouquet-for-any-occasion","/collections/flowers-islamabad","Flowers To Islamabad"
"https://flowerbouquet.pk/blogs/flower-bouquets/how-to-choose-the-perfect-bouquet-for-any-occasion","/collections/flowers-karachi","Flowers To Karachi"
"https://flowerbouquet.pk/blogs/flower-bouquets/how-to-choose-the-perfect-bouquet-for-any-occasion","/collections/flowers-faisalabad","Flowers To Faisalabad"
"https://flowerbouquet.pk/blogs/flower-bouquets/how-to-choose-the-perfect-bouquet-for-any-occasion","/collections/bouquets-cakes","Bouquets &amp; Cakes"
"https://flowerbouquet.pk/blogs/flower-bouquets/how-to-choose-the-perfect-bouquet-for-any-occasion","/collections/chocolate-bouquets","Bouquets &amp; Chocolates"
"https://flowerbouquet.pk/blogs/flower-bouquets/how-to-choose-the-perfect-bouquet-for-any-occasion","/collections/flower-combos","All Bundles"
"https://flowerbouquet.pk/blogs/flower-bouquets/how-to-choose-the-perfect-bouquet-for-any-occasion","/collections/bestseller-cakes","Bestseller Cakes"
"https://flowerbouquet.pk/blogs/flower-bouquets/how-to-choose-the-perfect-bouquet-for-any-occasion","/collections/signature-cakes","Signature Cakes"
"https://flowerbouquet.pk/blogs/flower-bouquets/how-to-choose-the-perfect-bouquet-for-any-occasion","/collections/petite-cakes","Bento Cakes"
"https://flowerbouquet.pk/blogs/flower-bouquets/how-to-choose-the-perfect-bouquet-for-any-occasion","/collections/picture-print-cakes","Picture Print Cakes"
"https://flowerbouquet.pk/blogs/flower-bouquets/how-to-choose-the-perfect-bouquet-for-any-occasion","/collections/heart-cakes","Heart Cakes"
"https://flowerbouquet.pk/blogs/flower-bouquets/how-to-choose-the-perfect-bouquet-for-any-occasion","/collections/regular-cakes","Regular Cakes"
"https://flowerbouquet.pk/blogs/flower-bouquets/top-online-florists-in-pakistan","/policies/terms-of-service","Terms &amp; Conditions"
"https://flowerbouquet.pk/blogs/flower-bouquets/top-online-florists-in-pakistan","/policies/privacy-policy","Privacy Policy"
"https://flowerbouquet.pk/blogs/flower-bouquets/top-online-florists-in-pakistan","/","Home"
"https://flowerbouquet.pk/blogs/flower-bouquets/top-online-florists-in-pakistan","/collections/best-selling-flowers","Best Selling"
"https://flowerbouquet.pk/blogs/flower-bouquets/top-online-florists-in-pakistan","/collections/anniversary-gifts-flowers","Anniversary Flowers"
"https://flowerbouquet.pk/blogs/flower-bouquets/top-online-florists-in-pakistan","/collections/birthday-gifts-flowers","Birthday Flowers"
"https://flowerbouquet.pk/blogs/flower-bouquets/top-online-florists-in-pakistan","/collections/valentines-day-gifts-flowers","Valentine&#39;s Flowers"
"https://flowerbouquet.pk/blogs/flower-bouquets/top-online-florists-in-pakistan","/collections/christmas-gifts-flowers","Christmas Flowers"
"https://flowerbouquet.pk/blogs/flower-bouquets/top-online-florists-in-pakistan","/collections/friendship-day-gifts-flowers","Friendship Flower"
"https://flowerbouquet.pk/blogs/flower-bouquets/top-online-florists-in-pakistan","/collections/graduation-gifts-flowers","Graduation Flowers"
"https://flowerbouquet.pk/blogs/flower-bouquets/top-online-florists-in-pakistan","/collections/new-year-gifts-flowers","New Year Bliss"
"https://flowerbouquet.pk/blogs/flower-bouquets/top-online-florists-in-pakistan","/collections/congratulations-gift-flowers","Congratulatory Flowers"
"https://flowerbouquet.pk/blogs/flower-bouquets/top-online-florists-in-pakistan","/collections/bridal-shower-gifts-flowers","Bridal Shower Flowers"
"https://flowerbouquet.pk/blogs/flower-bouquets/top-online-florists-in-pakistan","/collections/get-well-soon-gifts-flowers","Get Well Soon Flowers"
"https://flowerbouquet.pk/blogs/flower-bouquets/top-online-florists-in-pakistan","/collections/mothers-day-gifts-flowers","Mother&#39;s Day"
"https://flowerbouquet.pk/blogs/flower-bouquets/top-online-florists-in-pakistan","/pages/fathers-day-gifts-and-flowers-in-lahore","Father&#39;s Day"
"https://flowerbouquet.pk/blogs/flower-bouquets/top-online-florists-in-pakistan","/collections/friendship-day-gifts-flowers","Friendship Day"
"https://flowerbouquet.pk/blogs/flower-bouquets/top-online-florists-in-pakistan","/collections/teachers-day-gifts-flowers","Teachers Day"
"https://flowerbouquet.pk/blogs/flower-bouquets/top-online-florists-in-pakistan","/collections/womens-day-gifts-flowers","Women&#39;s Day"
"https://flowerbouquet.pk/blogs/flower-bouquets/top-online-florists-in-pakistan","/collections/valentines-day-gifts-flowers","Valentine&#39;s day"
"https://flowerbouquet.pk/blogs/flower-bouquets/top-online-florists-in-pakistan","/collections/get-well-soon-gifts-flowers","Get Well Soon"
"https://flowerbouquet.pk/blogs/flower-bouquets/top-online-florists-in-pakistan","/collections/im-sorry-gifts-flowers","I&#39;m Sorry"
"https://flowerbouquet.pk/blogs/flower-bouquets/top-online-florists-in-pakistan","/collections/sympathy-gifts-flowers","Sympathy"
"https://flowerbouquet.pk/blogs/flower-bouquets/top-online-florists-in-pakistan","/collections/thank-you-gifts-flowers","Thank You"
"https://flowerbouquet.pk/blogs/flower-bouquets/top-online-florists-in-pakistan","/collections/congratulations-gift-flowers","Congratulations"
"https://flowerbouquet.pk/blogs/flower-bouquets/top-online-florists-in-pakistan","/collections/christmas-gifts-flowers","Christmas"
"https://flowerbouquet.pk/blogs/flower-bouquets/top-online-florists-in-pakistan","/collections/eid-gifts-flowers","Ramdan &amp; Eid"
"https://flowerbouquet.pk/blogs/flower-bouquets/top-online-florists-in-pakistan","/collections/rose-bouquet-pakistan","Red Roses Bouquet"
"https://flowerbouquet.pk/blogs/flower-bouquets/top-online-florists-in-pakistan","/collections/black-rose-bouquets","Black Rose Bouquets"
"https://flowerbouquet.pk/blogs/flower-bouquets/top-online-florists-in-pakistan","/collections/white-rose-bouquet-pakistan","White Rose Bouquet"
"https://flowerbouquet.pk/blogs/flower-bouquets/top-online-florists-in-pakistan","/collections/pink-rose-bouquet-pakistan","Pink Rose Bouquet"
"https://flowerbouquet.pk/blogs/flower-bouquets/top-online-florists-in-pakistan","/collections/sunflower-bouquet","Sunflower Bouquet"
"https://flowerbouquet.pk/blogs/flower-bouquets/top-online-florists-in-pakistan","/collections/chrysanthemum-flowers-pakistan","Chrysanthemum Flowers"
"https://flowerbouquet.pk/blogs/flower-bouquets/top-online-florists-in-pakistan","/collections/mixed-flower-bouquet-pakistan","Mixed Flower Bouquet"
"https://flowerbouquet.pk/blogs/flower-bouquets/top-online-florists-in-pakistan","/collections/crochet-bouquets","Crochet Bouquets"
"https://flowerbouquet.pk/blogs/flower-bouquets/top-online-florists-in-pakistan","/collections/chocolate-bouquets","Chocolate Bouquets"
"https://flowerbouquet.pk/blogs/flower-bouquets/top-online-florists-in-pakistan","/collections/snacks-bouquet","Snacks Bouquets"
"https://flowerbouquet.pk/blogs/flower-bouquets/top-online-florists-in-pakistan","/collections/flowers-lahore","Flowers To Lahore"
"https://flowerbouquet.pk/blogs/flower-bouquets/top-online-florists-in-pakistan","/collections/flowers-islamabad","Flowers To Islamabad"
"https://flowerbouquet.pk/blogs/flower-bouquets/top-online-florists-in-pakistan","/collections/flowers-karachi","Flowers To Karachi"
"https://flowerbouquet.pk/blogs/flower-bouquets/top-online-florists-in-pakistan","/collections/flowers-faisalabad","Flowers To Faisalabad"
"https://flowerbouquet.pk/blogs/flower-bouquets/top-online-florists-in-pakistan","/collections/bouquets-cakes","Bouquets &amp; Cakes"
"https://flowerbouquet.pk/blogs/flower-bouquets/top-online-florists-in-pakistan","/collections/chocolate-bouquets","Bouquets &amp; Chocolates"
"https://flowerbouquet.pk/blogs/flower-bouquets/top-online-florists-in-pakistan","/collections/flower-combos","All Bundles"
"https://flowerbouquet.pk/blogs/flower-bouquets/top-online-florists-in-pakistan","/collections/bestseller-cakes","Bestseller Cakes"
"https://flowerbouquet.pk/blogs/flower-bouquets/top-online-florists-in-pakistan","/collections/signature-cakes","Signature Cakes"
"https://flowerbouquet.pk/blogs/flower-bouquets/top-online-florists-in-pakistan","/collections/petite-cakes","Bento Cakes"
"https://flowerbouquet.pk/blogs/flower-bouquets/top-online-florists-in-pakistan","/collections/picture-print-cakes","Picture Print Cakes"
"https://flowerbouquet.pk/blogs/flower-bouquets/top-online-florists-in-pakistan","/collections/heart-cakes","Heart Cakes"
"https://flowerbouquet.pk/blogs/flower-bouquets/top-online-florists-in-pakistan","/collections/regular-cakes","Regular Cakes"
"https://flowerbouquet.pk/blogs/flower-bouquets/how-to-care-for-fresh-cut-flowers","/policies/terms-of-service","Terms &amp; Conditions"
"https://flowerbouquet.pk/blogs/flower-bouquets/how-to-care-for-fresh-cut-flowers","/policies/privacy-policy","Privacy Policy"
"https://flowerbouquet.pk/blogs/flower-bouquets/how-to-care-for-fresh-cut-flowers","/","Home"
"https://flowerbouquet.pk/blogs/flower-bouquets/how-to-care-for-fresh-cut-flowers","/collections/best-selling-flowers","Best Selling"
"https://flowerbouquet.pk/blogs/flower-bouquets/how-to-care-for-fresh-cut-flowers","/collections/anniversary-gifts-flowers","Anniversary Flowers"
"https://flowerbouquet.pk/blogs/flower-bouquets/how-to-care-for-fresh-cut-flowers","/collections/birthday-gifts-flowers","Birthday Flowers"
"https://flowerbouquet.pk/blogs/flower-bouquets/how-to-care-for-fresh-cut-flowers","/collections/valentines-day-gifts-flowers","Valentine&#39;s Flowers"
"https://flowerbouquet.pk/blogs/flower-bouquets/how-to-care-for-fresh-cut-flowers","/collections/christmas-gifts-flowers","Christmas Flowers"
"https://flowerbouquet.pk/blogs/flower-bouquets/how-to-care-for-fresh-cut-flowers","/collections/friendship-day-gifts-flowers","Friendship Flower"
"https://flowerbouquet.pk/blogs/flower-bouquets/how-to-care-for-fresh-cut-flowers","/collections/graduation-gifts-flowers","Graduation Flowers"
"https://flowerbouquet.pk/blogs/flower-bouquets/how-to-care-for-fresh-cut-flowers","/collections/new-year-gifts-flowers","New Year Bliss"
"https://flowerbouquet.pk/blogs/flower-bouquets/how-to-care-for-fresh-cut-flowers","/collections/congratulations-gift-flowers","Congratulatory Flowers"
"https://flowerbouquet.pk/blogs/flower-bouquets/how-to-care-for-fresh-cut-flowers","/collections/bridal-shower-gifts-flowers","Bridal Shower Flowers"
"https://flowerbouquet.pk/blogs/flower-bouquets/how-to-care-for-fresh-cut-flowers","/collections/get-well-soon-gifts-flowers","Get Well Soon Flowers"
"https://flowerbouquet.pk/blogs/flower-bouquets/how-to-care-for-fresh-cut-flowers","/collections/mothers-day-gifts-flowers","Mother&#39;s Day"
"https://flowerbouquet.pk/blogs/flower-bouquets/how-to-care-for-fresh-cut-flowers","/pages/fathers-day-gifts-and-flowers-in-lahore","Father&#39;s Day"
"https://flowerbouquet.pk/blogs/flower-bouquets/how-to-care-for-fresh-cut-flowers","/collections/friendship-day-gifts-flowers","Friendship Day"
"https://flowerbouquet.pk/blogs/flower-bouquets/how-to-care-for-fresh-cut-flowers","/collections/teachers-day-gifts-flowers","Teachers Day"
"https://flowerbouquet.pk/blogs/flower-bouquets/how-to-care-for-fresh-cut-flowers","/collections/womens-day-gifts-flowers","Women&#39;s Day"
"https://flowerbouquet.pk/blogs/flower-bouquets/how-to-care-for-fresh-cut-flowers","/collections/valentines-day-gifts-flowers","Valentine&#39;s day"
"https://flowerbouquet.pk/blogs/flower-bouquets/how-to-care-for-fresh-cut-flowers","/collections/get-well-soon-gifts-flowers","Get Well Soon"
"https://flowerbouquet.pk/blogs/flower-bouquets/how-to-care-for-fresh-cut-flowers","/collections/im-sorry-gifts-flowers","I&#39;m Sorry"
"https://flowerbouquet.pk/blogs/flower-bouquets/how-to-care-for-fresh-cut-flowers","/collections/sympathy-gifts-flowers","Sympathy"
"https://flowerbouquet.pk/blogs/flower-bouquets/how-to-care-for-fresh-cut-flowers","/collections/thank-you-gifts-flowers","Thank You"
"https://flowerbouquet.pk/blogs/flower-bouquets/how-to-care-for-fresh-cut-flowers","/collections/congratulations-gift-flowers","Congratulations"
"https://flowerbouquet.pk/blogs/flower-bouquets/how-to-care-for-fresh-cut-flowers","/collections/christmas-gifts-flowers","Christmas"
"https://flowerbouquet.pk/blogs/flower-bouquets/how-to-care-for-fresh-cut-flowers","/collections/eid-gifts-flowers","Ramdan &amp; Eid"
"https://flowerbouquet.pk/blogs/flower-bouquets/how-to-care-for-fresh-cut-flowers","/collections/rose-bouquet-pakistan","Red Roses Bouquet"
"https://flowerbouquet.pk/blogs/flower-bouquets/how-to-care-for-fresh-cut-flowers","/collections/black-rose-bouquets","Black Rose Bouquets"
"https://flowerbouquet.pk/blogs/flower-bouquets/how-to-care-for-fresh-cut-flowers","/collections/white-rose-bouquet-pakistan","White Rose Bouquet"
"https://flowerbouquet.pk/blogs/flower-bouquets/how-to-care-for-fresh-cut-flowers","/collections/pink-rose-bouquet-pakistan","Pink Rose Bouquet"
"https://flowerbouquet.pk/blogs/flower-bouquets/how-to-care-for-fresh-cut-flowers","/collections/sunflower-bouquet","Sunflower Bouquet"
"https://flowerbouquet.pk/blogs/flower-bouquets/how-to-care-for-fresh-cut-flowers","/collections/chrysanthemum-flowers-pakistan","Chrysanthemum Flowers"
"https://flowerbouquet.pk/blogs/flower-bouquets/how-to-care-for-fresh-cut-flowers","/collections/mixed-flower-bouquet-pakistan","Mixed Flower Bouquet"
"https://flowerbouquet.pk/blogs/flower-bouquets/how-to-care-for-fresh-cut-flowers","/collections/crochet-bouquets","Crochet Bouquets"
"https://flowerbouquet.pk/blogs/flower-bouquets/how-to-care-for-fresh-cut-flowers","/collections/chocolate-bouquets","Chocolate Bouquets"
"https://flowerbouquet.pk/blogs/flower-bouquets/how-to-care-for-fresh-cut-flowers","/collections/snacks-bouquet","Snacks Bouquets"
"https://flowerbouquet.pk/blogs/flower-bouquets/how-to-care-for-fresh-cut-flowers","/collections/flowers-lahore","Flowers To Lahore"
"https://flowerbouquet.pk/blogs/flower-bouquets/how-to-care-for-fresh-cut-flowers","/collections/flowers-islamabad","Flowers To Islamabad"
"https://flowerbouquet.pk/blogs/flower-bouquets/how-to-care-for-fresh-cut-flowers","/collections/flowers-karachi","Flowers To Karachi"
"https://flowerbouquet.pk/blogs/flower-bouquets/how-to-care-for-fresh-cut-flowers","/collections/flowers-faisalabad","Flowers To Faisalabad"
"https://flowerbouquet.pk/blogs/flower-bouquets/how-to-care-for-fresh-cut-flowers","/collections/bouquets-cakes","Bouquets &amp; Cakes"
"https://flowerbouquet.pk/blogs/flower-bouquets/how-to-care-for-fresh-cut-flowers","/collections/chocolate-bouquets","Bouquets &amp; Chocolates"
"https://flowerbouquet.pk/blogs/flower-bouquets/how-to-care-for-fresh-cut-flowers","/collections/flower-combos","All Bundles"
"https://flowerbouquet.pk/blogs/flower-bouquets/how-to-care-for-fresh-cut-flowers","/collections/bestseller-cakes","Bestseller Cakes"
"https://flowerbouquet.pk/blogs/flower-bouquets/how-to-care-for-fresh-cut-flowers","/collections/signature-cakes","Signature Cakes"
"https://flowerbouquet.pk/blogs/flower-bouquets/how-to-care-for-fresh-cut-flowers","/collections/petite-cakes","Bento Cakes"
"https://flowerbouquet.pk/blogs/flower-bouquets/how-to-care-for-fresh-cut-flowers","/collections/picture-print-cakes","Picture Print Cakes"
"https://flowerbouquet.pk/blogs/flower-bouquets/how-to-care-for-fresh-cut-flowers","/collections/heart-cakes","Heart Cakes"
"https://flowerbouquet.pk/blogs/flower-bouquets/how-to-care-for-fresh-cut-flowers","/collections/regular-cakes","Regular Cakes"
"https://flowerbouquet.pk/blogs/flower-bouquets/birthday-gift-ideas-for-her","/policies/terms-of-service","Terms &amp; Conditions"
"https://flowerbouquet.pk/blogs/flower-bouquets/birthday-gift-ideas-for-her","/policies/privacy-policy","Privacy Policy"
"https://flowerbouquet.pk/blogs/flower-bouquets/birthday-gift-ideas-for-her","/","Home"
"https://flowerbouquet.pk/blogs/flower-bouquets/birthday-gift-ideas-for-her","/collections/best-selling-flowers","Best Selling"
"https://flowerbouquet.pk/blogs/flower-bouquets/birthday-gift-ideas-for-her","/collections/anniversary-gifts-flowers","Anniversary Flowers"
"https://flowerbouquet.pk/blogs/flower-bouquets/birthday-gift-ideas-for-her","/collections/birthday-gifts-flowers","Birthday Flowers"
"https://flowerbouquet.pk/blogs/flower-bouquets/birthday-gift-ideas-for-her","/collections/valentines-day-gifts-flowers","Valentine&#39;s Flowers"
"https://flowerbouquet.pk/blogs/flower-bouquets/birthday-gift-ideas-for-her","/collections/christmas-gifts-flowers","Christmas Flowers"
"https://flowerbouquet.pk/blogs/flower-bouquets/birthday-gift-ideas-for-her","/collections/friendship-day-gifts-flowers","Friendship Flower"
"https://flowerbouquet.pk/blogs/flower-bouquets/birthday-gift-ideas-for-her","/collections/graduation-gifts-flowers","Graduation Flowers"
"https://flowerbouquet.pk/blogs/flower-bouquets/birthday-gift-ideas-for-her","/collections/new-year-gifts-flowers","New Year Bliss"
"https://flowerbouquet.pk/blogs/flower-bouquets/birthday-gift-ideas-for-her","/collections/congratulations-gift-flowers","Congratulatory Flowers"
"https://flowerbouquet.pk/blogs/flower-bouquets/birthday-gift-ideas-for-her","/collections/bridal-shower-gifts-flowers","Bridal Shower Flowers"
"https://flowerbouquet.pk/blogs/flower-bouquets/birthday-gift-ideas-for-her","/collections/get-well-soon-gifts-flowers","Get Well Soon Flowers"
"https://flowerbouquet.pk/blogs/flower-bouquets/birthday-gift-ideas-for-her","/collections/mothers-day-gifts-flowers","Mother&#39;s Day"
"https://flowerbouquet.pk/blogs/flower-bouquets/birthday-gift-ideas-for-her","/pages/fathers-day-gifts-and-flowers-in-lahore","Father&#39;s Day"
"https://flowerbouquet.pk/blogs/flower-bouquets/birthday-gift-ideas-for-her","/collections/friendship-day-gifts-flowers","Friendship Day"
"https://flowerbouquet.pk/blogs/flower-bouquets/birthday-gift-ideas-for-her","/collections/teachers-day-gifts-flowers","Teachers Day"
"https://flowerbouquet.pk/blogs/flower-bouquets/birthday-gift-ideas-for-her","/collections/womens-day-gifts-flowers","Women&#39;s Day"
"https://flowerbouquet.pk/blogs/flower-bouquets/birthday-gift-ideas-for-her","/collections/valentines-day-gifts-flowers","Valentine&#39;s day"
"https://flowerbouquet.pk/blogs/flower-bouquets/birthday-gift-ideas-for-her","/collections/get-well-soon-gifts-flowers","Get Well Soon"
"https://flowerbouquet.pk/blogs/flower-bouquets/birthday-gift-ideas-for-her","/collections/im-sorry-gifts-flowers","I&#39;m Sorry"
"https://flowerbouquet.pk/blogs/flower-bouquets/birthday-gift-ideas-for-her","/collections/sympathy-gifts-flowers","Sympathy"
"https://flowerbouquet.pk/blogs/flower-bouquets/birthday-gift-ideas-for-her","/collections/thank-you-gifts-flowers","Thank You"
"https://flowerbouquet.pk/blogs/flower-bouquets/birthday-gift-ideas-for-her","/collections/congratulations-gift-flowers","Congratulations"
"https://flowerbouquet.pk/blogs/flower-bouquets/birthday-gift-ideas-for-her","/collections/christmas-gifts-flowers","Christmas"
"https://flowerbouquet.pk/blogs/flower-bouquets/birthday-gift-ideas-for-her","/collections/eid-gifts-flowers","Ramdan &amp; Eid"
"https://flowerbouquet.pk/blogs/flower-bouquets/birthday-gift-ideas-for-her","/collections/rose-bouquet-pakistan","Red Roses Bouquet"
"https://flowerbouquet.pk/blogs/flower-bouquets/birthday-gift-ideas-for-her","/collections/black-rose-bouquets","Black Rose Bouquets"
"https://flowerbouquet.pk/blogs/flower-bouquets/birthday-gift-ideas-for-her","/collections/white-rose-bouquet-pakistan","White Rose Bouquet"
"https://flowerbouquet.pk/blogs/flower-bouquets/birthday-gift-ideas-for-her","/collections/pink-rose-bouquet-pakistan","Pink Rose Bouquet"
"https://flowerbouquet.pk/blogs/flower-bouquets/birthday-gift-ideas-for-her","/collections/sunflower-bouquet","Sunflower Bouquet"
"https://flowerbouquet.pk/blogs/flower-bouquets/birthday-gift-ideas-for-her","/collections/chrysanthemum-flowers-pakistan","Chrysanthemum Flowers"
"https://flowerbouquet.pk/blogs/flower-bouquets/birthday-gift-ideas-for-her","/collections/mixed-flower-bouquet-pakistan","Mixed Flower Bouquet"
"https://flowerbouquet.pk/blogs/flower-bouquets/birthday-gift-ideas-for-her","/collections/crochet-bouquets","Crochet Bouquets"
"https://flowerbouquet.pk/blogs/flower-bouquets/birthday-gift-ideas-for-her","/collections/chocolate-bouquets","Chocolate Bouquets"
"https://flowerbouquet.pk/blogs/flower-bouquets/birthday-gift-ideas-for-her","/collections/snacks-bouquet","Snacks Bouquets"
"https://flowerbouquet.pk/blogs/flower-bouquets/birthday-gift-ideas-for-her","/collections/flowers-lahore","Flowers To Lahore"
"https://flowerbouquet.pk/blogs/flower-bouquets/birthday-gift-ideas-for-her","/collections/flowers-islamabad","Flowers To Islamabad"
"https://flowerbouquet.pk/blogs/flower-bouquets/birthday-gift-ideas-for-her","/collections/flowers-karachi","Flowers To Karachi"
"https://flowerbouquet.pk/blogs/flower-bouquets/birthday-gift-ideas-for-her","/collections/flowers-faisalabad","Flowers To Faisalabad"
"https://flowerbouquet.pk/blogs/flower-bouquets/birthday-gift-ideas-for-her","/collections/bouquets-cakes","Bouquets &amp; Cakes"
"https://flowerbouquet.pk/blogs/flower-bouquets/birthday-gift-ideas-for-her","/collections/chocolate-bouquets","Bouquets &amp; Chocolates"
"https://flowerbouquet.pk/blogs/flower-bouquets/birthday-gift-ideas-for-her","/collections/flower-combos","All Bundles"
"https://flowerbouquet.pk/blogs/flower-bouquets/birthday-gift-ideas-for-her","/collections/bestseller-cakes","Bestseller Cakes"
"https://flowerbouquet.pk/blogs/flower-bouquets/birthday-gift-ideas-for-her","/collections/signature-cakes","Signature Cakes"
"https://flowerbouquet.pk/blogs/flower-bouquets/birthday-gift-ideas-for-her","/collections/petite-cakes","Bento Cakes"
"https://flowerbouquet.pk/blogs/flower-bouquets/birthday-gift-ideas-for-her","/collections/picture-print-cakes","Picture Print Cakes"
"https://flowerbouquet.pk/blogs/flower-bouquets/birthday-gift-ideas-for-her","/collections/heart-cakes","Heart Cakes"
"https://flowerbouquet.pk/blogs/flower-bouquets/birthday-gift-ideas-for-her","/collections/regular-cakes","Regular Cakes"
"https://flowerbouquet.pk/blogs/flower-bouquets/eid-gift-ideas-for-her","/policies/terms-of-service","Terms &amp; Conditions"
"https://flowerbouquet.pk/blogs/flower-bouquets/eid-gift-ideas-for-her","/policies/privacy-policy","Privacy Policy"
"https://flowerbouquet.pk/blogs/flower-bouquets/eid-gift-ideas-for-her","/","Home"
"https://flowerbouquet.pk/blogs/flower-bouquets/eid-gift-ideas-for-her","/collections/best-selling-flowers","Best Selling"
"https://flowerbouquet.pk/blogs/flower-bouquets/eid-gift-ideas-for-her","/collections/anniversary-gifts-flowers","Anniversary Flowers"
"https://flowerbouquet.pk/blogs/flower-bouquets/eid-gift-ideas-for-her","/collections/birthday-gifts-flowers","Birthday Flowers"
"https://flowerbouquet.pk/blogs/flower-bouquets/eid-gift-ideas-for-her","/collections/valentines-day-gifts-flowers","Valentine&#39;s Flowers"
"https://flowerbouquet.pk/blogs/flower-bouquets/eid-gift-ideas-for-her","/collections/christmas-gifts-flowers","Christmas Flowers"
"https://flowerbouquet.pk/blogs/flower-bouquets/eid-gift-ideas-for-her","/collections/friendship-day-gifts-flowers","Friendship Flower"
"https://flowerbouquet.pk/blogs/flower-bouquets/eid-gift-ideas-for-her","/collections/graduation-gifts-flowers","Graduation Flowers"
"https://flowerbouquet.pk/blogs/flower-bouquets/eid-gift-ideas-for-her","/collections/new-year-gifts-flowers","New Year Bliss"
"https://flowerbouquet.pk/blogs/flower-bouquets/eid-gift-ideas-for-her","/collections/congratulations-gift-flowers","Congratulatory Flowers"
"https://flowerbouquet.pk/blogs/flower-bouquets/eid-gift-ideas-for-her","/collections/bridal-shower-gifts-flowers","Bridal Shower Flowers"
"https://flowerbouquet.pk/blogs/flower-bouquets/eid-gift-ideas-for-her","/collections/get-well-soon-gifts-flowers","Get Well Soon Flowers"
"https://flowerbouquet.pk/blogs/flower-bouquets/eid-gift-ideas-for-her","/collections/mothers-day-gifts-flowers","Mother&#39;s Day"
"https://flowerbouquet.pk/blogs/flower-bouquets/eid-gift-ideas-for-her","/pages/fathers-day-gifts-and-flowers-in-lahore","Father&#39;s Day"
"https://flowerbouquet.pk/blogs/flower-bouquets/eid-gift-ideas-for-her","/collections/friendship-day-gifts-flowers","Friendship Day"
"https://flowerbouquet.pk/blogs/flower-bouquets/eid-gift-ideas-for-her","/collections/teachers-day-gifts-flowers","Teachers Day"
"https://flowerbouquet.pk/blogs/flower-bouquets/eid-gift-ideas-for-her","/collections/womens-day-gifts-flowers","Women&#39;s Day"
"https://flowerbouquet.pk/blogs/flower-bouquets/eid-gift-ideas-for-her","/collections/valentines-day-gifts-flowers","Valentine&#39;s day"
"https://flowerbouquet.pk/blogs/flower-bouquets/eid-gift-ideas-for-her","/collections/get-well-soon-gifts-flowers","Get Well Soon"
"https://flowerbouquet.pk/blogs/flower-bouquets/eid-gift-ideas-for-her","/collections/im-sorry-gifts-flowers","I&#39;m Sorry"
"https://flowerbouquet.pk/blogs/flower-bouquets/eid-gift-ideas-for-her","/collections/sympathy-gifts-flowers","Sympathy"
"https://flowerbouquet.pk/blogs/flower-bouquets/eid-gift-ideas-for-her","/collections/thank-you-gifts-flowers","Thank You"
"https://flowerbouquet.pk/blogs/flower-bouquets/eid-gift-ideas-for-her","/collections/congratulations-gift-flowers","Congratulations"
"https://flowerbouquet.pk/blogs/flower-bouquets/eid-gift-ideas-for-her","/collections/christmas-gifts-flowers","Christmas"
"https://flowerbouquet.pk/blogs/flower-bouquets/eid-gift-ideas-for-her","/collections/eid-gifts-flowers","Ramdan &amp; Eid"
"https://flowerbouquet.pk/blogs/flower-bouquets/eid-gift-ideas-for-her","/collections/rose-bouquet-pakistan","Red Roses Bouquet"
"https://flowerbouquet.pk/blogs/flower-bouquets/eid-gift-ideas-for-her","/collections/black-rose-bouquets","Black Rose Bouquets"
"https://flowerbouquet.pk/blogs/flower-bouquets/eid-gift-ideas-for-her","/collections/white-rose-bouquet-pakistan","White Rose Bouquet"
"https://flowerbouquet.pk/blogs/flower-bouquets/eid-gift-ideas-for-her","/collections/pink-rose-bouquet-pakistan","Pink Rose Bouquet"
"https://flowerbouquet.pk/blogs/flower-bouquets/eid-gift-ideas-for-her","/collections/sunflower-bouquet","Sunflower Bouquet"
"https://flowerbouquet.pk/blogs/flower-bouquets/eid-gift-ideas-for-her","/collections/chrysanthemum-flowers-pakistan","Chrysanthemum Flowers"
"https://flowerbouquet.pk/blogs/flower-bouquets/eid-gift-ideas-for-her","/collections/mixed-flower-bouquet-pakistan","Mixed Flower Bouquet"
"https://flowerbouquet.pk/blogs/flower-bouquets/eid-gift-ideas-for-her","/collections/crochet-bouquets","Crochet Bouquets"
"https://flowerbouquet.pk/blogs/flower-bouquets/eid-gift-ideas-for-her","/collections/chocolate-bouquets","Chocolate Bouquets"
"https://flowerbouquet.pk/blogs/flower-bouquets/eid-gift-ideas-for-her","/collections/snacks-bouquet","Snacks Bouquets"
"https://flowerbouquet.pk/blogs/flower-bouquets/eid-gift-ideas-for-her","/collections/flowers-lahore","Flowers To Lahore"
"https://flowerbouquet.pk/blogs/flower-bouquets/eid-gift-ideas-for-her","/collections/flowers-islamabad","Flowers To Islamabad"
"https://flowerbouquet.pk/blogs/flower-bouquets/eid-gift-ideas-for-her","/collections/flowers-karachi","Flowers To Karachi"
"https://flowerbouquet.pk/blogs/flower-bouquets/eid-gift-ideas-for-her","/collections/flowers-faisalabad","Flowers To Faisalabad"
"https://flowerbouquet.pk/blogs/flower-bouquets/eid-gift-ideas-for-her","/collections/bouquets-cakes","Bouquets &amp; Cakes"
"https://flowerbouquet.pk/blogs/flower-bouquets/eid-gift-ideas-for-her","/collections/chocolate-bouquets","Bouquets &amp; Chocolates"
"https://flowerbouquet.pk/blogs/flower-bouquets/eid-gift-ideas-for-her","/collections/flower-combos","All Bundles"
"https://flowerbouquet.pk/blogs/flower-bouquets/eid-gift-ideas-for-her","/collections/bestseller-cakes","Bestseller Cakes"
"https://flowerbouquet.pk/blogs/flower-bouquets/eid-gift-ideas-for-her","/collections/signature-cakes","Signature Cakes"
"https://flowerbouquet.pk/blogs/flower-bouquets/eid-gift-ideas-for-her","/collections/petite-cakes","Bento Cakes"
"https://flowerbouquet.pk/blogs/flower-bouquets/eid-gift-ideas-for-her","/collections/picture-print-cakes","Picture Print Cakes"
"https://flowerbouquet.pk/blogs/flower-bouquets/eid-gift-ideas-for-her","/collections/heart-cakes","Heart Cakes"
"https://flowerbouquet.pk/blogs/flower-bouquets/eid-gift-ideas-for-her","/collections/regular-cakes","Regular Cakes"
"https://flowerbouquet.pk/policies/refund-policy","/policies/terms-of-service","Terms &amp; Conditions"
"https://flowerbouquet.pk/policies/refund-policy","/policies/privacy-policy","Privacy Policy"
"https://flowerbouquet.pk/policies/refund-policy","/","Home"
"https://flowerbouquet.pk/policies/refund-policy","/collections/best-selling-flowers","Best Selling"
"https://flowerbouquet.pk/policies/refund-policy","/collections/anniversary-gifts-flowers","Anniversary Flowers"
"https://flowerbouquet.pk/policies/refund-policy","/collections/birthday-gifts-flowers","Birthday Flowers"
"https://flowerbouquet.pk/policies/refund-policy","/collections/valentines-day-gifts-flowers","Valentine&#39;s Flowers"
"https://flowerbouquet.pk/policies/refund-policy","/collections/christmas-gifts-flowers","Christmas Flowers"
"https://flowerbouquet.pk/policies/refund-policy","/collections/friendship-day-gifts-flowers","Friendship Flower"
"https://flowerbouquet.pk/policies/refund-policy","/collections/graduation-gifts-flowers","Graduation Flowers"
"https://flowerbouquet.pk/policies/refund-policy","/collections/new-year-gifts-flowers","New Year Bliss"
"https://flowerbouquet.pk/policies/refund-policy","/collections/congratulations-gift-flowers","Congratulatory Flowers"
"https://flowerbouquet.pk/policies/refund-policy","/collections/bridal-shower-gifts-flowers","Bridal Shower Flowers"
"https://flowerbouquet.pk/policies/refund-policy","/collections/get-well-soon-gifts-flowers","Get Well Soon Flowers"
"https://flowerbouquet.pk/policies/refund-policy","/collections/mothers-day-gifts-flowers","Mother&#39;s Day"
"https://flowerbouquet.pk/policies/refund-policy","/pages/fathers-day-gifts-and-flowers-in-lahore","Father&#39;s Day"
"https://flowerbouquet.pk/policies/refund-policy","/collections/friendship-day-gifts-flowers","Friendship Day"
"https://flowerbouquet.pk/policies/refund-policy","/collections/teachers-day-gifts-flowers","Teachers Day"
"https://flowerbouquet.pk/policies/refund-policy","/collections/womens-day-gifts-flowers","Women&#39;s Day"
"https://flowerbouquet.pk/policies/refund-policy","/collections/valentines-day-gifts-flowers","Valentine&#39;s day"
"https://flowerbouquet.pk/policies/refund-policy","/collections/get-well-soon-gifts-flowers","Get Well Soon"
"https://flowerbouquet.pk/policies/refund-policy","/collections/im-sorry-gifts-flowers","I&#39;m Sorry"
"https://flowerbouquet.pk/policies/refund-policy","/collections/sympathy-gifts-flowers","Sympathy"
"https://flowerbouquet.pk/policies/refund-policy","/collections/thank-you-gifts-flowers","Thank You"
"https://flowerbouquet.pk/policies/refund-policy","/collections/congratulations-gift-flowers","Congratulations"
"https://flowerbouquet.pk/policies/refund-policy","/collections/christmas-gifts-flowers","Christmas"
"https://flowerbouquet.pk/policies/refund-policy","/collections/eid-gifts-flowers","Ramdan &amp; Eid"
"https://flowerbouquet.pk/policies/refund-policy","/collections/rose-bouquet-pakistan","Red Roses Bouquet"
"https://flowerbouquet.pk/policies/refund-policy","/collections/black-rose-bouquets","Black Rose Bouquets"
"https://flowerbouquet.pk/policies/refund-policy","/collections/white-rose-bouquet-pakistan","White Rose Bouquet"
"https://flowerbouquet.pk/policies/refund-policy","/collections/pink-rose-bouquet-pakistan","Pink Rose Bouquet"
"https://flowerbouquet.pk/policies/refund-policy","/collections/sunflower-bouquet","Sunflower Bouquet"
"https://flowerbouquet.pk/policies/refund-policy","/collections/chrysanthemum-flowers-pakistan","Chrysanthemum Flowers"
"https://flowerbouquet.pk/policies/refund-policy","/collections/mixed-flower-bouquet-pakistan","Mixed Flower Bouquet"
"https://flowerbouquet.pk/policies/refund-policy","/collections/crochet-bouquets","Crochet Bouquets"
"https://flowerbouquet.pk/policies/refund-policy","/collections/chocolate-bouquets","Chocolate Bouquets"
"https://flowerbouquet.pk/policies/refund-policy","/collections/snacks-bouquet","Snacks Bouquets"
"https://flowerbouquet.pk/policies/refund-policy","/collections/flowers-lahore","Flowers To Lahore"
"https://flowerbouquet.pk/policies/refund-policy","/collections/flowers-islamabad","Flowers To Islamabad"
"https://flowerbouquet.pk/policies/refund-policy","/collections/flowers-karachi","Flowers To Karachi"
"https://flowerbouquet.pk/policies/refund-policy","/collections/flowers-faisalabad","Flowers To Faisalabad"
"https://flowerbouquet.pk/policies/refund-policy","/collections/bouquets-cakes","Bouquets &amp; Cakes"
"https://flowerbouquet.pk/policies/refund-policy","/collections/chocolate-bouquets","Bouquets &amp; Chocolates"
"https://flowerbouquet.pk/policies/refund-policy","/collections/flower-combos","All Bundles"
"https://flowerbouquet.pk/policies/refund-policy","/collections/bestseller-cakes","Bestseller Cakes"
"https://flowerbouquet.pk/policies/refund-policy","/collections/signature-cakes","Signature Cakes"
"https://flowerbouquet.pk/policies/refund-policy","/collections/petite-cakes","Bento Cakes"
"https://flowerbouquet.pk/policies/refund-policy","/collections/picture-print-cakes","Picture Print Cakes"
"https://flowerbouquet.pk/policies/refund-policy","/collections/heart-cakes","Heart Cakes"
"https://flowerbouquet.pk/policies/refund-policy","/collections/regular-cakes","Regular Cakes"
"https://flowerbouquet.pk/policies/privacy-policy","/policies/terms-of-service","Terms &amp; Conditions"
"https://flowerbouquet.pk/policies/privacy-policy","/policies/privacy-policy","Privacy Policy"
"https://flowerbouquet.pk/policies/privacy-policy","/","Home"
"https://flowerbouquet.pk/policies/privacy-policy","/collections/best-selling-flowers","Best Selling"
"https://flowerbouquet.pk/policies/privacy-policy","/collections/anniversary-gifts-flowers","Anniversary Flowers"
"https://flowerbouquet.pk/policies/privacy-policy","/collections/birthday-gifts-flowers","Birthday Flowers"
"https://flowerbouquet.pk/policies/privacy-policy","/collections/valentines-day-gifts-flowers","Valentine&#39;s Flowers"
"https://flowerbouquet.pk/policies/privacy-policy","/collections/christmas-gifts-flowers","Christmas Flowers"
"https://flowerbouquet.pk/policies/privacy-policy","/collections/friendship-day-gifts-flowers","Friendship Flower"
"https://flowerbouquet.pk/policies/privacy-policy","/collections/graduation-gifts-flowers","Graduation Flowers"
"https://flowerbouquet.pk/policies/privacy-policy","/collections/new-year-gifts-flowers","New Year Bliss"
"https://flowerbouquet.pk/policies/privacy-policy","/collections/congratulations-gift-flowers","Congratulatory Flowers"
"https://flowerbouquet.pk/policies/privacy-policy","/collections/bridal-shower-gifts-flowers","Bridal Shower Flowers"
"https://flowerbouquet.pk/policies/privacy-policy","/collections/get-well-soon-gifts-flowers","Get Well Soon Flowers"
"https://flowerbouquet.pk/policies/privacy-policy","/collections/mothers-day-gifts-flowers","Mother&#39;s Day"
"https://flowerbouquet.pk/policies/privacy-policy","/pages/fathers-day-gifts-and-flowers-in-lahore","Father&#39;s Day"
"https://flowerbouquet.pk/policies/privacy-policy","/collections/friendship-day-gifts-flowers","Friendship Day"
"https://flowerbouquet.pk/policies/privacy-policy","/collections/teachers-day-gifts-flowers","Teachers Day"
"https://flowerbouquet.pk/policies/privacy-policy","/collections/womens-day-gifts-flowers","Women&#39;s Day"
"https://flowerbouquet.pk/policies/privacy-policy","/collections/valentines-day-gifts-flowers","Valentine&#39;s day"
"https://flowerbouquet.pk/policies/privacy-policy","/collections/get-well-soon-gifts-flowers","Get Well Soon"
"https://flowerbouquet.pk/policies/privacy-policy","/collections/im-sorry-gifts-flowers","I&#39;m Sorry"
"https://flowerbouquet.pk/policies/privacy-policy","/collections/sympathy-gifts-flowers","Sympathy"
"https://flowerbouquet.pk/policies/privacy-policy","/collections/thank-you-gifts-flowers","Thank You"
"https://flowerbouquet.pk/policies/privacy-policy","/collections/congratulations-gift-flowers","Congratulations"
"https://flowerbouquet.pk/policies/privacy-policy","/collections/christmas-gifts-flowers","Christmas"
"https://flowerbouquet.pk/policies/privacy-policy","/collections/eid-gifts-flowers","Ramdan &amp; Eid"
"https://flowerbouquet.pk/policies/privacy-policy","/collections/rose-bouquet-pakistan","Red Roses Bouquet"
"https://flowerbouquet.pk/policies/privacy-policy","/collections/black-rose-bouquets","Black Rose Bouquets"
"https://flowerbouquet.pk/policies/privacy-policy","/collections/white-rose-bouquet-pakistan","White Rose Bouquet"
"https://flowerbouquet.pk/policies/privacy-policy","/collections/pink-rose-bouquet-pakistan","Pink Rose Bouquet"
"https://flowerbouquet.pk/policies/privacy-policy","/collections/sunflower-bouquet","Sunflower Bouquet"
"https://flowerbouquet.pk/policies/privacy-policy","/collections/chrysanthemum-flowers-pakistan","Chrysanthemum Flowers"
"https://flowerbouquet.pk/policies/privacy-policy","/collections/mixed-flower-bouquet-pakistan","Mixed Flower Bouquet"
"https://flowerbouquet.pk/policies/privacy-policy","/collections/crochet-bouquets","Crochet Bouquets"
"https://flowerbouquet.pk/policies/privacy-policy","/collections/chocolate-bouquets","Chocolate Bouquets"
"https://flowerbouquet.pk/policies/privacy-policy","/collections/snacks-bouquet","Snacks Bouquets"
"https://flowerbouquet.pk/policies/privacy-policy","/collections/flowers-lahore","Flowers To Lahore"
"https://flowerbouquet.pk/policies/privacy-policy","/collections/flowers-islamabad","Flowers To Islamabad"
"https://flowerbouquet.pk/policies/privacy-policy","/collections/flowers-karachi","Flowers To Karachi"
"https://flowerbouquet.pk/policies/privacy-policy","/collections/flowers-faisalabad","Flowers To Faisalabad"
"https://flowerbouquet.pk/policies/privacy-policy","/collections/bouquets-cakes","Bouquets &amp; Cakes"
"https://flowerbouquet.pk/policies/privacy-policy","/collections/chocolate-bouquets","Bouquets &amp; Chocolates"
"https://flowerbouquet.pk/policies/privacy-policy","/collections/flower-combos","All Bundles"
"https://flowerbouquet.pk/policies/privacy-policy","/collections/bestseller-cakes","Bestseller Cakes"
"https://flowerbouquet.pk/policies/privacy-policy","/collections/signature-cakes","Signature Cakes"
"https://flowerbouquet.pk/policies/privacy-policy","/collections/petite-cakes","Bento Cakes"
"https://flowerbouquet.pk/policies/privacy-policy","/collections/picture-print-cakes","Picture Print Cakes"
"https://flowerbouquet.pk/policies/privacy-policy","/collections/heart-cakes","Heart Cakes"
"https://flowerbouquet.pk/policies/privacy-policy","/collections/regular-cakes","Regular Cakes"
"https://flowerbouquet.pk/policies/terms-of-service","/policies/terms-of-service","Terms &amp; Conditions"
"https://flowerbouquet.pk/policies/terms-of-service","/policies/privacy-policy","Privacy Policy"
"https://flowerbouquet.pk/policies/terms-of-service","/","Home"
"https://flowerbouquet.pk/policies/terms-of-service","/collections/best-selling-flowers","Best Selling"
"https://flowerbouquet.pk/policies/terms-of-service","/collections/anniversary-gifts-flowers","Anniversary Flowers"
"https://flowerbouquet.pk/policies/terms-of-service","/collections/birthday-gifts-flowers","Birthday Flowers"
"https://flowerbouquet.pk/policies/terms-of-service","/collections/valentines-day-gifts-flowers","Valentine&#39;s Flowers"
"https://flowerbouquet.pk/policies/terms-of-service","/collections/christmas-gifts-flowers","Christmas Flowers"
"https://flowerbouquet.pk/policies/terms-of-service","/collections/friendship-day-gifts-flowers","Friendship Flower"
"https://flowerbouquet.pk/policies/terms-of-service","/collections/graduation-gifts-flowers","Graduation Flowers"
"https://flowerbouquet.pk/policies/terms-of-service","/collections/new-year-gifts-flowers","New Year Bliss"
"https://flowerbouquet.pk/policies/terms-of-service","/collections/congratulations-gift-flowers","Congratulatory Flowers"
"https://flowerbouquet.pk/policies/terms-of-service","/collections/bridal-shower-gifts-flowers","Bridal Shower Flowers"
"https://flowerbouquet.pk/policies/terms-of-service","/collections/get-well-soon-gifts-flowers","Get Well Soon Flowers"
"https://flowerbouquet.pk/policies/terms-of-service","/collections/mothers-day-gifts-flowers","Mother&#39;s Day"
"https://flowerbouquet.pk/policies/terms-of-service","/pages/fathers-day-gifts-and-flowers-in-lahore","Father&#39;s Day"
"https://flowerbouquet.pk/policies/terms-of-service","/collections/friendship-day-gifts-flowers","Friendship Day"
"https://flowerbouquet.pk/policies/terms-of-service","/collections/teachers-day-gifts-flowers","Teachers Day"
"https://flowerbouquet.pk/policies/terms-of-service","/collections/womens-day-gifts-flowers","Women&#39;s Day"
"https://flowerbouquet.pk/policies/terms-of-service","/collections/valentines-day-gifts-flowers","Valentine&#39;s day"
"https://flowerbouquet.pk/policies/terms-of-service","/collections/get-well-soon-gifts-flowers","Get Well Soon"
"https://flowerbouquet.pk/policies/terms-of-service","/collections/im-sorry-gifts-flowers","I&#39;m Sorry"
"https://flowerbouquet.pk/policies/terms-of-service","/collections/sympathy-gifts-flowers","Sympathy"
"https://flowerbouquet.pk/policies/terms-of-service","/collections/thank-you-gifts-flowers","Thank You"
"https://flowerbouquet.pk/policies/terms-of-service","/collections/congratulations-gift-flowers","Congratulations"
"https://flowerbouquet.pk/policies/terms-of-service","/collections/christmas-gifts-flowers","Christmas"
"https://flowerbouquet.pk/policies/terms-of-service","/collections/eid-gifts-flowers","Ramdan &amp; Eid"
"https://flowerbouquet.pk/policies/terms-of-service","/collections/rose-bouquet-pakistan","Red Roses Bouquet"
"https://flowerbouquet.pk/policies/terms-of-service","/collections/black-rose-bouquets","Black Rose Bouquets"
"https://flowerbouquet.pk/policies/terms-of-service","/collections/white-rose-bouquet-pakistan","White Rose Bouquet"
"https://flowerbouquet.pk/policies/terms-of-service","/collections/pink-rose-bouquet-pakistan","Pink Rose Bouquet"
"https://flowerbouquet.pk/policies/terms-of-service","/collections/sunflower-bouquet","Sunflower Bouquet"
"https://flowerbouquet.pk/policies/terms-of-service","/collections/chrysanthemum-flowers-pakistan","Chrysanthemum Flowers"
"https://flowerbouquet.pk/policies/terms-of-service","/collections/mixed-flower-bouquet-pakistan","Mixed Flower Bouquet"
"https://flowerbouquet.pk/policies/terms-of-service","/collections/crochet-bouquets","Crochet Bouquets"
"https://flowerbouquet.pk/policies/terms-of-service","/collections/chocolate-bouquets","Chocolate Bouquets"
"https://flowerbouquet.pk/policies/terms-of-service","/collections/snacks-bouquet","Snacks Bouquets"
"https://flowerbouquet.pk/policies/terms-of-service","/collections/flowers-lahore","Flowers To Lahore"
"https://flowerbouquet.pk/policies/terms-of-service","/collections/flowers-islamabad","Flowers To Islamabad"
"https://flowerbouquet.pk/policies/terms-of-service","/collections/flowers-karachi","Flowers To Karachi"
"https://flowerbouquet.pk/policies/terms-of-service","/collections/flowers-faisalabad","Flowers To Faisalabad"
"https://flowerbouquet.pk/policies/terms-of-service","/collections/bouquets-cakes","Bouquets &amp; Cakes"
"https://flowerbouquet.pk/policies/terms-of-service","/collections/chocolate-bouquets","Bouquets &amp; Chocolates"
"https://flowerbouquet.pk/policies/terms-of-service","/collections/flower-combos","All Bundles"
"https://flowerbouquet.pk/policies/terms-of-service","/collections/bestseller-cakes","Bestseller Cakes"
"https://flowerbouquet.pk/policies/terms-of-service","/collections/signature-cakes","Signature Cakes"
"https://flowerbouquet.pk/policies/terms-of-service","/collections/petite-cakes","Bento Cakes"
"https://flowerbouquet.pk/policies/terms-of-service","/collections/picture-print-cakes","Picture Print Cakes"
"https://flowerbouquet.pk/policies/terms-of-service","/collections/heart-cakes","Heart Cakes"
"https://flowerbouquet.pk/policies/terms-of-service","/collections/regular-cakes","Regular Cakes"
"https://flowerbouquet.pk/policies/shipping-policy","/policies/terms-of-service","Terms &amp; Conditions"
"https://flowerbouquet.pk/policies/shipping-policy","/policies/privacy-policy","Privacy Policy"
"https://flowerbouquet.pk/policies/shipping-policy","/","Home"
"https://flowerbouquet.pk/policies/shipping-policy","/collections/best-selling-flowers","Best Selling"
"https://flowerbouquet.pk/policies/shipping-policy","/collections/anniversary-gifts-flowers","Anniversary Flowers"
"https://flowerbouquet.pk/policies/shipping-policy","/collections/birthday-gifts-flowers","Birthday Flowers"
"https://flowerbouquet.pk/policies/shipping-policy","/collections/valentines-day-gifts-flowers","Valentine&#39;s Flowers"
"https://flowerbouquet.pk/policies/shipping-policy","/collections/christmas-gifts-flowers","Christmas Flowers"
"https://flowerbouquet.pk/policies/shipping-policy","/collections/friendship-day-gifts-flowers","Friendship Flower"
"https://flowerbouquet.pk/policies/shipping-policy","/collections/graduation-gifts-flowers","Graduation Flowers"
"https://flowerbouquet.pk/policies/shipping-policy","/collections/new-year-gifts-flowers","New Year Bliss"
"https://flowerbouquet.pk/policies/shipping-policy","/collections/congratulations-gift-flowers","Congratulatory Flowers"
"https://flowerbouquet.pk/policies/shipping-policy","/collections/bridal-shower-gifts-flowers","Bridal Shower Flowers"
"https://flowerbouquet.pk/policies/shipping-policy","/collections/get-well-soon-gifts-flowers","Get Well Soon Flowers"
"https://flowerbouquet.pk/policies/shipping-policy","/collections/mothers-day-gifts-flowers","Mother&#39;s Day"
"https://flowerbouquet.pk/policies/shipping-policy","/pages/fathers-day-gifts-and-flowers-in-lahore","Father&#39;s Day"
"https://flowerbouquet.pk/policies/shipping-policy","/collections/friendship-day-gifts-flowers","Friendship Day"
"https://flowerbouquet.pk/policies/shipping-policy","/collections/teachers-day-gifts-flowers","Teachers Day"
"https://flowerbouquet.pk/policies/shipping-policy","/collections/womens-day-gifts-flowers","Women&#39;s Day"
"https://flowerbouquet.pk/policies/shipping-policy","/collections/valentines-day-gifts-flowers","Valentine&#39;s day"
"https://flowerbouquet.pk/policies/shipping-policy","/collections/get-well-soon-gifts-flowers","Get Well Soon"
"https://flowerbouquet.pk/policies/shipping-policy","/collections/im-sorry-gifts-flowers","I&#39;m Sorry"
"https://flowerbouquet.pk/policies/shipping-policy","/collections/sympathy-gifts-flowers","Sympathy"
"https://flowerbouquet.pk/policies/shipping-policy","/collections/thank-you-gifts-flowers","Thank You"
"https://flowerbouquet.pk/policies/shipping-policy","/collections/congratulations-gift-flowers","Congratulations"
"https://flowerbouquet.pk/policies/shipping-policy","/collections/christmas-gifts-flowers","Christmas"
"https://flowerbouquet.pk/policies/shipping-policy","/collections/eid-gifts-flowers","Ramdan &amp; Eid"
"https://flowerbouquet.pk/policies/shipping-policy","/collections/rose-bouquet-pakistan","Red Roses Bouquet"
"https://flowerbouquet.pk/policies/shipping-policy","/collections/black-rose-bouquets","Black Rose Bouquets"
"https://flowerbouquet.pk/policies/shipping-policy","/collections/white-rose-bouquet-pakistan","White Rose Bouquet"
"https://flowerbouquet.pk/policies/shipping-policy","/collections/pink-rose-bouquet-pakistan","Pink Rose Bouquet"
"https://flowerbouquet.pk/policies/shipping-policy","/collections/sunflower-bouquet","Sunflower Bouquet"
"https://flowerbouquet.pk/policies/shipping-policy","/collections/chrysanthemum-flowers-pakistan","Chrysanthemum Flowers"
"https://flowerbouquet.pk/policies/shipping-policy","/collections/mixed-flower-bouquet-pakistan","Mixed Flower Bouquet"
"https://flowerbouquet.pk/policies/shipping-policy","/collections/crochet-bouquets","Crochet Bouquets"
"https://flowerbouquet.pk/policies/shipping-policy","/collections/chocolate-bouquets","Chocolate Bouquets"
"https://flowerbouquet.pk/policies/shipping-policy","/collections/snacks-bouquet","Snacks Bouquets"
"https://flowerbouquet.pk/policies/shipping-policy","/collections/flowers-lahore","Flowers To Lahore"
"https://flowerbouquet.pk/policies/shipping-policy","/collections/flowers-islamabad","Flowers To Islamabad"
"https://flowerbouquet.pk/policies/shipping-policy","/collections/flowers-karachi","Flowers To Karachi"
"https://flowerbouquet.pk/policies/shipping-policy","/collections/flowers-faisalabad","Flowers To Faisalabad"
"https://flowerbouquet.pk/policies/shipping-policy","/collections/bouquets-cakes","Bouquets &amp; Cakes"
"https://flowerbouquet.pk/policies/shipping-policy","/collections/chocolate-bouquets","Bouquets &amp; Chocolates"
"https://flowerbouquet.pk/policies/shipping-policy","/collections/flower-combos","All Bundles"
"https://flowerbouquet.pk/policies/shipping-policy","/collections/bestseller-cakes","Bestseller Cakes"
"https://flowerbouquet.pk/policies/shipping-policy","/collections/signature-cakes","Signature Cakes"
"https://flowerbouquet.pk/policies/shipping-policy","/collections/petite-cakes","Bento Cakes"
"https://flowerbouquet.pk/policies/shipping-policy","/collections/picture-print-cakes","Picture Print Cakes"
"https://flowerbouquet.pk/policies/shipping-policy","/collections/heart-cakes","Heart Cakes"
"https://flowerbouquet.pk/policies/shipping-policy","/collections/regular-cakes","Regular Cakes"